source_repo	source_path	dest_path	source_commit	source_sha256	sanctioned_adapt	adapted_now
CH	README.md	README.md	87e1bcc3e03bdc3fed1924219c8e181dcf8646e7	4358915aed6bd42975e950ad440f2e4ebbd46a1fd64dd8689b4ccef8ac45a766	1	yes
CH	CLAUDE.md	CLAUDE.md	87e1bcc3e03bdc3fed1924219c8e181dcf8646e7	f71134da5e14fd795f82314aa7e2a87a608fbce156f2874c626c2372e7c1b641	1	yes
CH	GLOSSARY.md	GLOSSARY.md	87e1bcc3e03bdc3fed1924219c8e181dcf8646e7	a50967f8a7f7b0722a2dda84df3e389201283c2053ed8381c09bf210ef5de890	0	no
CH	BACKLOG.md	BACKLOG.md	87e1bcc3e03bdc3fed1924219c8e181dcf8646e7	b5a6eeedc6657e23cb78ffc24701a879f7664335fa2f515af3e3555a5e5d1fec	1	yes
CH	PUBLISHING.md	design/PUBLISHING.md	87e1bcc3e03bdc3fed1924219c8e181dcf8646e7	9e6b58ff3d1d81050706fd8412bdcca81a81721fb1b690dad73996655d4fcb9e	0	no
CH	.claude/settings.json	.claude/settings.json	87e1bcc3e03bdc3fed1924219c8e181dcf8646e7	4f49c066db2158a65f39ab014c6f11d04f99c451b7bc06a479e576970be39b05	1	yes
CH	.gitignore	.gitignore	87e1bcc3e03bdc3fed1924219c8e181dcf8646e7	7e5c6025339c4e4515162a5536a41469af517d942464a34048fb371c79cbc0a0	1	yes
CH	docs/CONSOLIDATION-MANDATE.md	provenance/CONSOLIDATION-MANDATE.md	87e1bcc3e03bdc3fed1924219c8e181dcf8646e7	27892dfd98f96ba76e752838cecc55edde31b579be495ad16aac028c31836eeb	0	no
CH	docs/consolidation/LAYOUT.md	provenance/LAYOUT.md	87e1bcc3e03bdc3fed1924219c8e181dcf8646e7	eaa4447d5c41b23ac19ac700b665d444bbaa3a37ed4f6160cb1534f52f3d30ee	0	no
CH	docs/consolidation/MIGRATION-MANIFEST.md	provenance/MIGRATION-MANIFEST.md	87e1bcc3e03bdc3fed1924219c8e181dcf8646e7	c33cb04f489387e26e14d53b1760769d9ad8f599c2f10947e5046d0dcc05d47a	0	no
CH	docs/consolidation/BUILD-BRIEF.md	provenance/BUILD-BRIEF.md	87e1bcc3e03bdc3fed1924219c8e181dcf8646e7	96e6261bb19608b4e9829ae83599f149638806bf519283a559a4e9a2500570b3	0	no
CH	docs/ARCHITECTURE.md	design/ARCHITECTURE.md	87e1bcc3e03bdc3fed1924219c8e181dcf8646e7	0b97a50d2d3d8939e496a922b080ab7553b54872b416b7e6ba661540b31a80ed	1	yes
CH	docs/SHIPPING-NORTH-STAR.md	design/SHIPPING-NORTH-STAR.md	87e1bcc3e03bdc3fed1924219c8e181dcf8646e7	a412037fbf8421d8a7fb09ae8c29b67b7fad339e385e876dcdde1459e3b4da5e	0	no
CH	docs/possibly-addressable-concerns.md	design/possibly-addressable-concerns.md	87e1bcc3e03bdc3fed1924219c8e181dcf8646e7	4e2407ceddf0e9054cbab38472031425e12526992a9a2b1370fd953302b41c63	0	no
CH	db/harness/001_research_ledger.sql	stores/001_research_ledger.sql	87e1bcc3e03bdc3fed1924219c8e181dcf8646e7	0770a02f5f80779563778caf6f4afb5d771412aabfe0bca1162835920965bc60	0	no
CH	db/harness/002_rationalization_ledger.sql	stores/002_rationalization_ledger.sql	87e1bcc3e03bdc3fed1924219c8e181dcf8646e7	08b8ccd1a62661175b766cbf39b82f6aa8e8f0a63ade4cb95984cad108a2449a	0	no
CH	db/harness/003_acts_stream.sql	stores/003_acts_stream.sql	87e1bcc3e03bdc3fed1924219c8e181dcf8646e7	1b33f95cc4513abcdccae30753595ed957592db80851c94b97f26b82bd7a04c9	0	no
CH	db/harness/004_rulings_ledger.sql	stores/004_rulings_ledger.sql	87e1bcc3e03bdc3fed1924219c8e181dcf8646e7	8f7d35f0b9c8f7f2113fbc1ab508bbc984d9c253cebf8927ccc23349369bd3fa	0	no
CH	db/harness/005_findings_ledger.sql	stores/005_findings_ledger.sql	87e1bcc3e03bdc3fed1924219c8e181dcf8646e7	27b6bf058ef5a96f4debba39d3e94cc38a41f17d2b676f54f83c39a239f87f97	0	no
CH	db/harness/006_foreclosure_debt.sql	stores/006_foreclosure_debt.sql	87e1bcc3e03bdc3fed1924219c8e181dcf8646e7	53c990c383b6cf91418cb13c4afffd0487db1ce2011e4e7871bcc8c4eb61c81a	0	no
CH	db/harness/006_foreclosure_debt_fixture.py	stores/006_foreclosure_debt_fixture.py	87e1bcc3e03bdc3fed1924219c8e181dcf8646e7	1fb328980237bac2974588e2ffe709de259637c546c634c264a5129e54cbc8d7	0	no
CH	db/harness/007_ruling_delivers_fixture.py	stores/007_ruling_delivers_fixture.py	87e1bcc3e03bdc3fed1924219c8e181dcf8646e7	cc29438281bc1db3afc1c9a0e5cccbb0b7c87c140bdce45a41b0f3274f59dc71	0	no
CH	db/harness/007_ruling_delivers_fk.sql	stores/007_ruling_delivers_fk.sql	87e1bcc3e03bdc3fed1924219c8e181dcf8646e7	4231279bd259546f26c62b5549bcadadc08b3b102d6255bdd874f64b617861ce	0	no
CH	experiments/fact-mining/test_rationalization_ledger.py	stores/test_rationalization_ledger.py	87e1bcc3e03bdc3fed1924219c8e181dcf8646e7	1fc3a06351990890df778f3a99b0fd7d7fb2350bee8e8ba5f24ac7b40899b586	1	yes
CH	tools/no_destructive_ddl.py	gates/no_destructive_ddl.py	87e1bcc3e03bdc3fed1924219c8e181dcf8646e7	8373cec7629b18c478b522a9464c9a6f409f631e4e45ee87d0b9e34bd03b0b9e	0	no
CH	tools/no_lazy_imports.py	gates/no_lazy_imports.py	87e1bcc3e03bdc3fed1924219c8e181dcf8646e7	32a663a6ac8ad7c651fe6d513a638e0064a313a7e97e2739471526f835dc69a1	0	no
CH	tools/findings_gate_fixture.py	gates/findings_gate_fixture.py	87e1bcc3e03bdc3fed1924219c8e181dcf8646e7	77ab1626465ec5e51984c7fff8274f208fefd65a72c964802ee2b1ea12d20591	0	no
CH	tools/findings_gate.py	gates/findings_gate.py	87e1bcc3e03bdc3fed1924219c8e181dcf8646e7	520f9d24f4d048894f6e10d0e17493aa2c12e1020a54808d8a16378efb28adc7	0	no
CH	tools/append_only_integrity.py	gates/append_only_integrity.py	87e1bcc3e03bdc3fed1924219c8e181dcf8646e7	672ae80f55121cf4ef8f0a4e20007484126082b80a7854d61794a91fc79f39d9	0	no
CH	tools/staging_guard.py	gates/staging_guard.py	87e1bcc3e03bdc3fed1924219c8e181dcf8646e7	22b96b030c714052a064bb9ec660c04592a5a25504605b9dc2d8fe88678507bb	0	no
CH	tools/file_foreclosure.py	filing/file_foreclosure.py	87e1bcc3e03bdc3fed1924219c8e181dcf8646e7	06830f58c08cef9e96e086e4c6fe0616e299281c858efc254b5027d829675228	0	no
CH	tools/file_rationalization.py	filing/file_rationalization.py	87e1bcc3e03bdc3fed1924219c8e181dcf8646e7	3030c0f24fc5d3f0b592b01da0e1e0f3f8d6f15f8f3ff9df181d6a95bde4200f	0	no
CH	tools/file_finding.py	filing/file_finding.py	87e1bcc3e03bdc3fed1924219c8e181dcf8646e7	41ad18a247f7c5c9e9fd7e8195ed211c749355d9d409af60672c3d013fb9df9c	0	no
CH	tools/persist_claude_ephemera.py	filing/persist_claude_ephemera.py	87e1bcc3e03bdc3fed1924219c8e181dcf8646e7	2e6fe8a7e7778e6e982ba82e83ddf84054de0259f6b2a06e846effeac22092a5	1	yes
CH	tools/file_resolution.py	filing/file_resolution.py	87e1bcc3e03bdc3fed1924219c8e181dcf8646e7	73ccdbb624be2f1eed40026af5da27fe09c624c72c76e400069cb35db25a257a	0	no
CH	tools/doc-legibility/README.md	gates/doc-legibility/README.md	87e1bcc3e03bdc3fed1924219c8e181dcf8646e7	463410156691f811f2d4e95ffc50c9dc6de6fc8b621a94aaecd2fc53b052becb	0	no
CH	tools/doc-legibility/allowlist.txt	gates/doc-legibility/allowlist.txt	87e1bcc3e03bdc3fed1924219c8e181dcf8646e7	63f7a11ec6a6a601a8df1c9f36b5b5d324c43a4022915355b8eac3e84193b369	0	no
CH	tools/doc-legibility/check.py	gates/doc-legibility/check.py	87e1bcc3e03bdc3fed1924219c8e181dcf8646e7	0a9d098e9a9d06d799f128b1d38d86f787308fc44c450da50955b5ec6f9311fd	1	yes
CH	tools/doc-legibility/terms.md	gates/doc-legibility/terms.md	87e1bcc3e03bdc3fed1924219c8e181dcf8646e7	b15526c701ea0d90bbcb1711223bd353537cade1be2215ad4c1cee8d74de9875	0	no
CH	tools/hooks/pre-commit	hooks/pre-commit	87e1bcc3e03bdc3fed1924219c8e181dcf8646e7	f48fed906bb1abe23d178b3d19e528cc9ac95f5c521a728d7886a827b9c441b7	1	yes
CH	tools/hooks/stamp_provenance.py	hooks/stamp_provenance.py	87e1bcc3e03bdc3fed1924219c8e181dcf8646e7	97d113ee2cfd71066480544b70464f294a8967d49065763ccd9ebb830a0dac85	0	no
CH	docs/adr/0000-the-alpha-and-the-omega-type-driven-design.md	law/adr/0000-the-alpha-and-the-omega-type-driven-design.md	87e1bcc3e03bdc3fed1924219c8e181dcf8646e7	8d50eca9565a07acbdce2f2234fe830aa9593a6e6c1a9b837f8d488956402de5	0	no
CH	docs/adr/0001-immutability-and-copy-on-write.md	law/adr/0001-immutability-and-copy-on-write.md	87e1bcc3e03bdc3fed1924219c8e181dcf8646e7	812a1b9f0564a1c2f88c2696fb335f5c19329f80f6180149b8399d0de13c3ce5	0	no
CH	docs/adr/0002-fail-loudly.md	law/adr/0002-fail-loudly.md	87e1bcc3e03bdc3fed1924219c8e181dcf8646e7	4635df2ed8c785111fffb8ac4a85daf59d4d2f42fa3e599089ec332bc2962403	0	no
CH	docs/adr/0003-domain-coupling-bands.md	law/adr/0003-domain-coupling-bands.md	87e1bcc3e03bdc3fed1924219c8e181dcf8646e7	4efd112fb6d121a7be18045080e55544ffdb5f9ea0a520cf30f76468355f0d29	0	no
CH	docs/adr/0004-minimal-touch-edits-to-partially-visible-files.md	law/adr/0004-minimal-touch-edits-to-partially-visible-files.md	87e1bcc3e03bdc3fed1924219c8e181dcf8646e7	03e4fb1c72a19144e67b8bbe3f6770aed2c7e271429c9fecbc81e68fab59302c	0	no
CH	docs/adr/0005-documentation-discipline.md	law/adr/0005-documentation-discipline.md	87e1bcc3e03bdc3fed1924219c8e181dcf8646e7	c9bfff39eaa66f0d9b6220417e0d08b5689f0971730a316756cf63e2bf9f6d9b	0	no
CH	docs/adr/0006-source-file-headers.md	law/adr/0006-source-file-headers.md	87e1bcc3e03bdc3fed1924219c8e181dcf8646e7	2df97499f7726a8022098e604a70d38711c9d6954ba7250e71310448b4854d23	0	no
CH	docs/adr/0007-file-size-and-information-density.md	law/adr/0007-file-size-and-information-density.md	87e1bcc3e03bdc3fed1924219c8e181dcf8646e7	242635dfdd1eacdb48a36d141aa01d18b9142c9205c2905a7dc59bff6f3f73b6	0	no
CH	docs/adr/0008-classification-discipline.md	law/adr/0008-classification-discipline.md	87e1bcc3e03bdc3fed1924219c8e181dcf8646e7	b32e828de9f283cdd64f144d000f869ddad7146be7937504b406b66b57f4c3e7	0	no
CH	docs/adr/0009-performance-investigation-discipline.md	law/adr/0009-performance-investigation-discipline.md	87e1bcc3e03bdc3fed1924219c8e181dcf8646e7	928fc37a5e3e9ff0d866822cd4fb95ee4c07d52fe3639d8f41c07128855f2dca	0	no
CH	docs/adr/0010-render-locality-not-applicable.md	law/adr/0010-render-locality-not-applicable.md	87e1bcc3e03bdc3fed1924219c8e181dcf8646e7	9cfdbc06472c2e4b2d6888bae8db31363f7c9223189a7fbfff3b554e2a313851	0	no
CH	docs/adr/0011-mechanization-discipline.md	law/adr/0011-mechanization-discipline.md	87e1bcc3e03bdc3fed1924219c8e181dcf8646e7	140c157e026e2715a8d9294e89ff7db9b8de37624cd45dce019a0a446e8402fd	0	no
CH	docs/adr/0012-compositional-and-structural-hygiene.md	law/adr/0012-compositional-and-structural-hygiene.md	87e1bcc3e03bdc3fed1924219c8e181dcf8646e7	03f6d46e79afd73243ca5ac006d7ca74b459ce91b496e6212e524f59a25bf8bd	0	no
CH	docs/adr/0013-execution-stamina-and-structural-completeness.md	law/adr/0013-execution-stamina-and-structural-completeness.md	87e1bcc3e03bdc3fed1924219c8e181dcf8646e7	45811def7adcaaa526eb3f6e9e670f2805b894f0eaa4982ac4b6e2c7873ee1fd	0	no
CH	docs/adr/0014-executor-second-opinion.md	law/adr/0014-executor-second-opinion.md	87e1bcc3e03bdc3fed1924219c8e181dcf8646e7	5c4fb3d11a8d513e901ff8e8e96094c6fbbbe252c1edb380246163b7a3a36e8e	0	no
CH	docs/adr/0015-verification-substrate-discipline.md	law/adr/0015-verification-substrate-discipline.md	87e1bcc3e03bdc3fed1924219c8e181dcf8646e7	10249945791243e225f08030518894261718fa00b0bf0d28d3979c544b140448	0	no
CH	docs/adr/0016-the-service-contract-is-an-enforcement-surface.md	law/adr/0016-the-service-contract-is-an-enforcement-surface.md	87e1bcc3e03bdc3fed1924219c8e181dcf8646e7	ec22689272e18e47c046a978189e9267ce3860abba565a4b4fc9dfcd75a5407a	0	no
CH	docs/adr-evidence/seen-red/04-consumer-no-vacuous-pass/red-specimen.py	seen-red/04-consumer-no-vacuous-pass/red-specimen.py	87e1bcc3e03bdc3fed1924219c8e181dcf8646e7	ddc6da7d59d0ba7bd4a619a759f36580cdc2efcac0813aa0240085104791a917	0	no
CH	docs/adr-evidence/seen-red/04-consumer-no-vacuous-pass/red.txt	seen-red/04-consumer-no-vacuous-pass/red.txt	87e1bcc3e03bdc3fed1924219c8e181dcf8646e7	da28d711969bad1250511c7573fc3951aae8f4dc954c05441c1b48155d13073e	0	no
CH	docs/adr-evidence/seen-red/05-verify-adapter/red-specimen.py	seen-red/05-verify-adapter/red-specimen.py	87e1bcc3e03bdc3fed1924219c8e181dcf8646e7	e0102b4fb583cf14e454301dc714477450e06b74f37b1de2bb3a93ddd7d9e151	0	no
CH	docs/adr-evidence/seen-red/05-verify-adapter/red.txt	seen-red/05-verify-adapter/red.txt	87e1bcc3e03bdc3fed1924219c8e181dcf8646e7	d8ee7ffa372182540295925a12a24a03b52fa9d61a2c6a2a919f88b88301f015	0	no
CH	docs/adr-evidence/seen-red/06-append-only-integrity/red-specimen.py	seen-red/06-append-only-integrity/red-specimen.py	87e1bcc3e03bdc3fed1924219c8e181dcf8646e7	4fbb30780198425d0c0fb54e5a322ae2898b0f0cbbb5fd4fdb757701abdcc651	0	no
CH	docs/adr-evidence/seen-red/06-append-only-integrity/red.txt	seen-red/06-append-only-integrity/red.txt	87e1bcc3e03bdc3fed1924219c8e181dcf8646e7	76f86812ad447b27443f20154c276d6f24f10cb5d6fc83d3e363511b2d3f6a34	0	no
CH	docs/adr-evidence/seen-red/09-relevant-act-classification/red-specimen.py	seen-red/09-relevant-act-classification/red-specimen.py	87e1bcc3e03bdc3fed1924219c8e181dcf8646e7	3905e17a9ed08d7282e18849d0c9c5ddd36bd4ad1b8c0f4a5339385bcf36a3bc	0	no
CH	docs/adr-evidence/seen-red/09-relevant-act-classification/red.txt	seen-red/09-relevant-act-classification/red.txt	87e1bcc3e03bdc3fed1924219c8e181dcf8646e7	e953c3a51961c86e05870a2a09cd84600522d205c0180b71e6ceff77d28751b3	0	no
CH	docs/adr-evidence/seen-red/12-contemporaneity-degrade/red-specimen.py	seen-red/12-contemporaneity-degrade/red-specimen.py	87e1bcc3e03bdc3fed1924219c8e181dcf8646e7	57fdfbaddf55decd5d1ba5fdde5455fe8803a844bf195befc944270dda60831a	0	no
CH	docs/adr-evidence/seen-red/12-contemporaneity-degrade/red.txt	seen-red/12-contemporaneity-degrade/red.txt	87e1bcc3e03bdc3fed1924219c8e181dcf8646e7	f81d69418e142455c0aae788aca8ba3cf7de682db8197004bd58dfece476f3c5	0	no
CH	docs/adr-evidence/seen-red/18-bash-write-classification/red-specimen.py	seen-red/18-bash-write-classification/red-specimen.py	87e1bcc3e03bdc3fed1924219c8e181dcf8646e7	6a889d79c52a53e8eedef367ff4ac0d9d183017f691a29bca5a9089fbca4b75b	0	no
CH	docs/adr-evidence/seen-red/18-bash-write-classification/red.txt	seen-red/18-bash-write-classification/red.txt	87e1bcc3e03bdc3fed1924219c8e181dcf8646e7	267745ad9ca7ae5b29d0af3911e14d5e55c31b3a1e60734e75e62c7456479e78	0	no
CH	docs/adr-evidence/seen-red/24-destructive-ddl-guard/red-specimen.py	seen-red/24-destructive-ddl-guard/red-specimen.py	87e1bcc3e03bdc3fed1924219c8e181dcf8646e7	a09c12d015d4d582d5bd55e937a3eb62660de5a8963719a1646c09bab824b183	0	no
CH	docs/adr-evidence/seen-red/24-destructive-ddl-guard/red.txt	seen-red/24-destructive-ddl-guard/red.txt	87e1bcc3e03bdc3fed1924219c8e181dcf8646e7	8a82b9a9d6264dc1fee74fc1c0316f9853cbe3f900e1da2dff371450561c54d6	0	no
CH	docs/adr-evidence/seen-red/25-operator-turn-extraction/red-specimen.py	seen-red/25-operator-turn-extraction/red-specimen.py	87e1bcc3e03bdc3fed1924219c8e181dcf8646e7	08c0713686bc7ad35f289f586f0e7069db84091681f521c9786c9fe310b44eb7	0	no
CH	docs/adr-evidence/seen-red/25-operator-turn-extraction/red.txt	seen-red/25-operator-turn-extraction/red.txt	87e1bcc3e03bdc3fed1924219c8e181dcf8646e7	82cd9d8f2b848128589ee0fd1b0a4321d4f31bc4805466d2b9bba65accf59134	0	no
CH	docs/adr-evidence/seen-red/31-interception-stamp/e17-armed-instance-refusal.txt	seen-red/31-interception-stamp/e17-armed-instance-refusal.txt	87e1bcc3e03bdc3fed1924219c8e181dcf8646e7	b756a4c67c3c8fa4d601900634a47574acf802829fcdbef865e0876e6d533e39	0	no
CH	docs/adr-evidence/seen-red/31-interception-stamp/e17-negative-control.txt	seen-red/31-interception-stamp/e17-negative-control.txt	87e1bcc3e03bdc3fed1924219c8e181dcf8646e7	e601a5e4ba84fc19292912e813c350f410a7106e144f2b0980d7c5d2a8bc78bd	0	no
CH	docs/adr-evidence/seen-red/31-interception-stamp/e17-refusal-fixture-green.txt	seen-red/31-interception-stamp/e17-refusal-fixture-green.txt	87e1bcc3e03bdc3fed1924219c8e181dcf8646e7	aa384130f03fb96b5c4f592b8fde584855d038d29ea31c302985e1035a2a76b0	0	no
CH	docs/adr-evidence/seen-red/31-interception-stamp/e17-refusal-red.txt	seen-red/31-interception-stamp/e17-refusal-red.txt	87e1bcc3e03bdc3fed1924219c8e181dcf8646e7	16ce18ac44b2770a042e57443af9b7abd83f1a70a5846e3804d5c22be01827b3	0	no
CH	docs/adr-evidence/seen-red/31-interception-stamp/independence-teaching-frozen.txt	seen-red/31-interception-stamp/independence-teaching-frozen.txt	87e1bcc3e03bdc3fed1924219c8e181dcf8646e7	7a66e04ee2d7fbaa9dc38d34806d9628c14decacea65571cab8faf52714c3e86	0	no
CH	docs/adr-evidence/seen-red/31-interception-stamp/question-freight-frozen.txt	seen-red/31-interception-stamp/question-freight-frozen.txt	87e1bcc3e03bdc3fed1924219c8e181dcf8646e7	ed3ce2039578c5d3b7e1415654ae9e1dc398b0d03da7f4f67faccb54de787d30	0	no
CH	docs/adr-evidence/seen-red/31-interception-stamp/red.txt	seen-red/31-interception-stamp/red.txt	87e1bcc3e03bdc3fed1924219c8e181dcf8646e7	3df5c47c520aa6b86f52dde7888ab41d92ec8174cd275184f8a8d21d5dc8ae96	0	no
CH	docs/adr-evidence/seen-red/31-interception-stamp/teaching-frozen.txt	seen-red/31-interception-stamp/teaching-frozen.txt	87e1bcc3e03bdc3fed1924219c8e181dcf8646e7	a7706238aef004bf8e8e3acb9b8c67108b6203c140f15bd253439ecd57318192	0	no
CH	docs/adr-evidence/seen-red/33-staging-guard/red-specimen.py	seen-red/33-staging-guard/red-specimen.py	87e1bcc3e03bdc3fed1924219c8e181dcf8646e7	44dbc3c78ae0e03941070505e7376f547d872991f7595dd004eb97b1ab25baa2	0	no
CH	docs/adr-evidence/seen-red/33-staging-guard/red.txt	seen-red/33-staging-guard/red.txt	87e1bcc3e03bdc3fed1924219c8e181dcf8646e7	a90d4f13dfc35f7c609793c06c1325fbfed89df33081341ca1a3edc2ca2f00d6	0	no
CH	docs/adr-evidence/seen-red/35-delivery-freight-integrity/red-specimen.py	seen-red/35-delivery-freight-integrity/red-specimen.py	87e1bcc3e03bdc3fed1924219c8e181dcf8646e7	bbb468e118647f09139b704f79c9c3bf38f879e15ee5930dbc288375fd603e71	0	no
CH	docs/adr-evidence/seen-red/35-delivery-freight-integrity/red.txt	seen-red/35-delivery-freight-integrity/red.txt	87e1bcc3e03bdc3fed1924219c8e181dcf8646e7	01392ef6fb45c0ecab9887c486f7a77be1a313660800eabd9476ef5933310323	0	no
CH	docs/adr-evidence/seen-red/36-consumer-substrate-required/red-specimen.py	seen-red/36-consumer-substrate-required/red-specimen.py	87e1bcc3e03bdc3fed1924219c8e181dcf8646e7	95bfe8b063dec0dbd14888c87d74f3533b0bd99ac67a12bea5442037a5d5d953	0	no
CH	docs/adr-evidence/seen-red/36-consumer-substrate-required/red.txt	seen-red/36-consumer-substrate-required/red.txt	87e1bcc3e03bdc3fed1924219c8e181dcf8646e7	b9d01bf62ed4102bad585d2b0715fa53dfb3f3d12fe7d4f9ff04d5bf16daee51	0	no
CH	docs/adr-evidence/seen-red/38-review-without-detail/design-witness.txt	seen-red/38-review-without-detail/design-witness.txt	87e1bcc3e03bdc3fed1924219c8e181dcf8646e7	2d02291c3e67fa59074476b35c074fdca3188d4647720ccecdb722b7c1c59e56	0	no
CH	docs/adr-evidence/seen-red/38-review-without-detail/red.txt	seen-red/38-review-without-detail/red.txt	87e1bcc3e03bdc3fed1924219c8e181dcf8646e7	17bbd202fe8001d45775f97ea6693cce05a51d5116c03e166b7e89bb215869a7	0	no
CH	docs/adr-evidence/seen-red/39-binder-bind-many/red-specimen.py	seen-red/39-binder-bind-many/red-specimen.py	87e1bcc3e03bdc3fed1924219c8e181dcf8646e7	33e32539ce85cda2769b7af6fac466c0d66450c7a42f2b2a118b09927448f282	0	no
CH	docs/adr-evidence/seen-red/39-binder-bind-many/red.txt	seen-red/39-binder-bind-many/red.txt	87e1bcc3e03bdc3fed1924219c8e181dcf8646e7	d0d33ff4d41ba9def988b63c373aae09f424d782639f0d55c4f1abd97e508ba1	0	no
CH	docs/adr-evidence/seen-red/42-gate-journal-registered/red.txt	seen-red/42-gate-journal-registered/red.txt	87e1bcc3e03bdc3fed1924219c8e181dcf8646e7	e498a8027bb9bff08e2f02f9a0101ae1cf849ba9a1cedae0fc9a2dfa596232c8	0	no
CH	docs/adr-evidence/seen-red/43-arming-delivery-set/green.txt	seen-red/43-arming-delivery-set/green.txt	87e1bcc3e03bdc3fed1924219c8e181dcf8646e7	46120fbc3cb1c5c584d03971b93eedb6bc4dcde99a6fad1ea4d2085a698df4b2	0	no
CH	docs/adr-evidence/seen-red/43-arming-delivery-set/red.txt	seen-red/43-arming-delivery-set/red.txt	87e1bcc3e03bdc3fed1924219c8e181dcf8646e7	d86129c54dcd9c2bd2c55db410cbf7ed43d6d10bbf402a5e737c1ec4c40124eb	0	no
CH	docs/adr-evidence/seen-red/45-criterion-reviewer-grants/green.txt	seen-red/45-criterion-reviewer-grants/green.txt	87e1bcc3e03bdc3fed1924219c8e181dcf8646e7	6ebedad1b20ca602c9dd16bc397f5e76073a648d5a90ea49dcbb75d5bb9d2be0	0	no
CH	docs/adr-evidence/seen-red/45-criterion-reviewer-grants/red.txt	seen-red/45-criterion-reviewer-grants/red.txt	87e1bcc3e03bdc3fed1924219c8e181dcf8646e7	e0e9475696062bc703bf257cfec220650ffb83fa833466981dc4a2cf89e352ed	0	no
CH	docs/adr-evidence/seen-red/engine-inc1-controls/green.txt	seen-red/engine-inc1-controls/green.txt	87e1bcc3e03bdc3fed1924219c8e181dcf8646e7	5d9c74aaec6a442a9422ef35130c1e193b48b0ac0fe182e39680fe78c5bfa98e	0	no
CH	docs/adr-evidence/seen-red/engine-inc1-controls/red.txt	seen-red/engine-inc1-controls/red.txt	87e1bcc3e03bdc3fed1924219c8e181dcf8646e7	d0a96d6617a72326ec699fed093cbec554d42b7aa77b1129b8a678e3f59bd10f	0	no
CH	docs/adr-evidence/seen-red/review-fixpoint/red.txt	seen-red/review-fixpoint/red.txt	87e1bcc3e03bdc3fed1924219c8e181dcf8646e7	0b00bcafb7e3b4add2d1b166ab9d052a2cf6a2bfbb4b4dacc136194fdf76ae21	0	no
CH	docs/adr-evidence/foreclosure-waiver-requests.md	judgment/rulings/foreclosure-waiver-requests.md	87e1bcc3e03bdc3fed1924219c8e181dcf8646e7	0298733ec5d9004c5ac42fe4c9a4ebb14125ba304cbf0595094aa7ba869ee731	0	no
CH	docs/design-notes/deductive-engine-fable-main-shape.md	design/deductive-engine-fable-main-shape.md	87e1bcc3e03bdc3fed1924219c8e181dcf8646e7	99c73b0021ec65496208648103895832d4d91ceea00e318afc7062ecd547be7c	0	no
CH	docs/design-notes/human-side-fragility.md	design/human-side-fragility.md	87e1bcc3e03bdc3fed1924219c8e181dcf8646e7	11abee343e1d7b6307a285cd7e65eb374f76d2df106d0a23221aae25f4809cec	0	no
CH	docs/design-notes/never-again-mechanism-fable-consult.md	design/never-again-mechanism-fable-consult.md	87e1bcc3e03bdc3fed1924219c8e181dcf8646e7	38996bc35faefeb43d8a9ac1afab37f27b1d18ca83a1c3c2692ec3aabc7181bd	0	no
CH	docs/design-notes/never-again-mechanism-fable-main.md	design/never-again-mechanism-fable-main.md	87e1bcc3e03bdc3fed1924219c8e181dcf8646e7	7a58f77f02be96c532285a39aa83727f802fb34741bfd12d01e78a1d645e3505	0	no
CH	docs/design-notes/never-again-synthesis.md	design/never-again-synthesis.md	87e1bcc3e03bdc3fed1924219c8e181dcf8646e7	6bbcaa20b2134911336d2ca9e0813ae623edd3e9ba88d9b7ed020dd3610a80f0	0	no
CH	docs/design-notes/policy-authoring-seam.md	design/policy-authoring-seam.md	87e1bcc3e03bdc3fed1924219c8e181dcf8646e7	67a9ea52b942250071fc265f7744cdd671f6bf5ee45284421cc600f342d08415	0	no
CH	docs/design-notes/review-fixpoint-protocol.md	design/review-fixpoint-protocol.md	87e1bcc3e03bdc3fed1924219c8e181dcf8646e7	2c28fcc50bf7167d150690da37d6269fac9eb34d05810de44ba3642ab67a832d	0	no
CH	docs/research/2026-06-27-foundational-map/00-synthesis.md	research/foundational-map/00-synthesis.md	87e1bcc3e03bdc3fed1924219c8e181dcf8646e7	db150257d08d474a04808222c52aed796637008d5481c06a3de3998f6a92fb62	0	no
CH	docs/research/2026-06-27-foundational-map/01-choco-adr-0011-mechanization.md	research/foundational-map/01-choco-adr-0011-mechanization.md	87e1bcc3e03bdc3fed1924219c8e181dcf8646e7	cfd9860babfa4c4710b824432740ce7a83672a080e18198789da406307300f12	0	no
CH	docs/research/2026-06-27-foundational-map/02-omega-adr-0011-mechanization-discipline.md	research/foundational-map/02-omega-adr-0011-mechanization-discipline.md	87e1bcc3e03bdc3fed1924219c8e181dcf8646e7	5a3aa55a2415a3ba9cb5d924279ccbf6b7f3afa70b1f07084ff890bc377e96b5	0	no
CH	docs/research/2026-06-27-foundational-map/03-choco-typing-classification-logic.md	research/foundational-map/03-choco-typing-classification-logic.md	87e1bcc3e03bdc3fed1924219c8e181dcf8646e7	6e77500a09f188b1ce4c6ffb3b255a7f8bf47229d5cf6af3f66eb2375956ddcd	0	no
CH	docs/research/2026-06-27-foundational-map/04-chocofarm-perf-investigation-discipline.md	research/foundational-map/04-chocofarm-perf-investigation-discipline.md	87e1bcc3e03bdc3fed1924219c8e181dcf8646e7	024e628fb6ac27fb31c7604441bbc172b3d0d6d2184da169a17117f53a737183	0	no
CH	docs/research/2026-06-27-foundational-map/05-omega-adr-0009-performance-investigation-discipline.md	research/foundational-map/05-omega-adr-0009-performance-investigation-discipline.md	87e1bcc3e03bdc3fed1924219c8e181dcf8646e7	478a5e0a4623739b98eac8284439249322f30f23c95f1fc3da411e71fb00654b	0	no
CH	docs/research/2026-06-27-foundational-map/06-omega-work-status-sql-anti-corruption-layer.md	research/foundational-map/06-omega-work-status-sql-anti-corruption-layer.md	87e1bcc3e03bdc3fed1924219c8e181dcf8646e7	5a5a4ad1b351327f337cd95f5ffc9a712ccc967a5d7c0b981323f7c5a9ac5c29	0	no
CH	docs/research/2026-06-27-foundational-map/07-omega-existing-lint-gates.md	research/foundational-map/07-omega-existing-lint-gates.md	87e1bcc3e03bdc3fed1924219c8e181dcf8646e7	fa996ed624f7fad6e53a1b62dd5b5d1cf39819bfe343575ef21cdf6b39591294	0	no
CH	docs/research/2026-06-27-foundational-map/08-cross-benchmark-attribution-today.md	research/foundational-map/08-cross-benchmark-attribution-today.md	87e1bcc3e03bdc3fed1924219c8e181dcf8646e7	f9af0b70f2c278e7a005e9f223ae7d84ad9bf9a40738831928699f5e582a99f7	0	no
CH	docs/research/2026-06-27-foundational-map/09-cross-memories-and-resource-facts.md	research/foundational-map/09-cross-memories-and-resource-facts.md	87e1bcc3e03bdc3fed1924219c8e181dcf8646e7	799880bbdbd867773e750b18205fbb37f4b6bd6a02b107f9a1075076bd548501	0	no
CH	docs/research/2026-06-27-foundational-map/10-choco-tool-venv-surface.md	research/foundational-map/10-choco-tool-venv-surface.md	87e1bcc3e03bdc3fed1924219c8e181dcf8646e7	bce94dc97d728c6600edbf7d3349191c1c3869fcb64cc72fa5185d1a72bb5382	0	no
CH	docs/research/2026-06-27-foundational-map/README.md	research/foundational-map/README.md	87e1bcc3e03bdc3fed1924219c8e181dcf8646e7	9bb5532e97c1d712b5ab3f7f88cd556e2fce55a83a1d1f1b53c1fbbbdd7a21fb	0	no
CH	docs/research/2026-06-27-logic-investigation/00-synthesis.md	research/logic-investigation/00-synthesis.md	87e1bcc3e03bdc3fed1924219c8e181dcf8646e7	c7e9890fe7dd9cb4d6e04038d9a8f45bd05a03d69a777f2722d6765b4add0d5b	0	no
CH	docs/research/2026-06-27-logic-investigation/01-datalog.md	research/logic-investigation/01-datalog.md	87e1bcc3e03bdc3fed1924219c8e181dcf8646e7	3252be4628c6323a6587ce61158f85cada0eaebf03b6d048e09f217141b4fdc5	0	no
CH	docs/research/2026-06-27-logic-investigation/02-prolog-clp.md	research/logic-investigation/02-prolog-clp.md	87e1bcc3e03bdc3fed1924219c8e181dcf8646e7	a9afad5f9dc9e8678c7992dd1be177aa4dd15de23d1a7681efbf22de66520a59	0	no
CH	docs/research/2026-06-27-logic-investigation/03-asp.md	research/logic-investigation/03-asp.md	87e1bcc3e03bdc3fed1924219c8e181dcf8646e7	b668b96a5e1a197b0b406d557934bd1d8a7f12a9944bbe031edc88e13f5eab44	0	no
CH	docs/research/2026-06-27-logic-investigation/04-defeasible-argumentation.md	research/logic-investigation/04-defeasible-argumentation.md	87e1bcc3e03bdc3fed1924219c8e181dcf8646e7	66cbfca6dbddbf2112feaf5a7134820a26ae0f63bf644b6d1daafbe5830852e2	0	no
CH	docs/research/2026-06-27-logic-investigation/05-modal-epistemic.md	research/logic-investigation/05-modal-epistemic.md	87e1bcc3e03bdc3fed1924219c8e181dcf8646e7	0c7fbe02dd8d29469976f56c8509e9403eb73471dc7e620bae8ea692b4c1c025	0	no
CH	docs/research/2026-06-27-logic-investigation/06-temporal-runtime.md	research/logic-investigation/06-temporal-runtime.md	87e1bcc3e03bdc3fed1924219c8e181dcf8646e7	385ac78bae907470d667c333fc13cec88221c43fa3e4aef30ee8c002fb853df6	0	no
CH	docs/research/2026-06-27-logic-investigation/07-paraconsistent.md	research/logic-investigation/07-paraconsistent.md	87e1bcc3e03bdc3fed1924219c8e181dcf8646e7	a349a4204c48e333e3c689bf4611f8a373606ccd4877a6d4d462b9937c02e5b7	0	no
CH	docs/research/2026-06-27-logic-investigation/08-description-logic.md	research/logic-investigation/08-description-logic.md	87e1bcc3e03bdc3fed1924219c8e181dcf8646e7	66e31cbd0a88c875aacfb5d45b549ce228fc9d5eb1ac068cd30dc1892d5c2173	0	no
CH	docs/research/2026-06-27-logic-investigation/09-linear-resource.md	research/logic-investigation/09-linear-resource.md	87e1bcc3e03bdc3fed1924219c8e181dcf8646e7	f40d16f86ad56bcd6f35570c28b0024338772d1c363213875899c7bfbdf36ef1	0	no
CH	docs/research/2026-06-27-logic-investigation/10-relevance-substructural.md	research/logic-investigation/10-relevance-substructural.md	87e1bcc3e03bdc3fed1924219c8e181dcf8646e7	a4b8e4145c451d4eb25c1e6469938a8e0a2a2c74d842f83f906db2f7a65b1d43	0	no
CH	docs/research/2026-06-27-logic-investigation/11-smt-fol.md	research/logic-investigation/11-smt-fol.md	87e1bcc3e03bdc3fed1924219c8e181dcf8646e7	875d29f4f29f30923152103745c1026b652be437f4221bc5d87f3e8faa015c8b	0	no
CH	docs/research/2026-06-27-logic-investigation/12-abductive-ilp.md	research/logic-investigation/12-abductive-ilp.md	87e1bcc3e03bdc3fed1924219c8e181dcf8646e7	0c6f2b1962a0934c470d130e6a132cbe9cb320aeb879f0e1c61ac79f88d46f24	0	no
CH	docs/research/2026-06-27-logic-investigation/13-probabilistic-srl.md	research/logic-investigation/13-probabilistic-srl.md	87e1bcc3e03bdc3fed1924219c8e181dcf8646e7	d1ce32ba67fb15198b1fac93c67b342f66a0ed23462b7a15004443131479b1d4	0	no
CH	docs/research/2026-06-27-logic-investigation/14-probabilistic-programming-bayesian.md	research/logic-investigation/14-probabilistic-programming-bayesian.md	87e1bcc3e03bdc3fed1924219c8e181dcf8646e7	1d4e10f4fe9fa7e451a80433b1d2579304bc6ba18528f64291f0ab05ddd45f4d	0	no
CH	docs/research/2026-06-27-logic-investigation/A-software-landscape.md	research/logic-investigation/A-software-landscape.md	87e1bcc3e03bdc3fed1924219c8e181dcf8646e7	4f1aa387a2cb3dfaf7b5c5d6c668fe55d864f2574f66d91c1cfe0c424396bd59	0	no
CH	docs/research/2026-06-27-logic-investigation/B-autoharn-fit.md	research/logic-investigation/B-autoharn-fit.md	87e1bcc3e03bdc3fed1924219c8e181dcf8646e7	4dd190e8dfa444e260bddac1ddd1772bf7fd8112c847c024749256648ae96b0a	0	no
CH	docs/research/2026-06-27-logic-investigation/README.md	research/logic-investigation/README.md	87e1bcc3e03bdc3fed1924219c8e181dcf8646e7	4422be912e0d3fc90f3d9022e1779be9e578336de8231df6d4b7c8f2e2550c69	0	no
CH	docs/research/2026-06-27-logic-fair-trials/00-synthesis.md	research/logic-fair-trials/00-synthesis.md	87e1bcc3e03bdc3fed1924219c8e181dcf8646e7	28cef31579c9653d27270af4438c75d6d9cf969833673c492bb7d599b5867a63	0	no
CH	docs/research/2026-06-27-logic-fair-trials/01-datalog.md	research/logic-fair-trials/01-datalog.md	87e1bcc3e03bdc3fed1924219c8e181dcf8646e7	28686e26d69a22bf52e79bd9bd319c4e2d98f5fbfb55a52042e5232d3804e0bc	0	no
CH	docs/research/2026-06-27-logic-fair-trials/02-prolog-clp.md	research/logic-fair-trials/02-prolog-clp.md	87e1bcc3e03bdc3fed1924219c8e181dcf8646e7	d4e61948f9bdc68e173f7b09bea676085b1a474430dea04d601f88b12604f40e	0	no
CH	docs/research/2026-06-27-logic-fair-trials/03-asp.md	research/logic-fair-trials/03-asp.md	87e1bcc3e03bdc3fed1924219c8e181dcf8646e7	578a76cfe75c894391850401f039515aa71cdaa333fa0b5ee0f7b1ccbc6657df	0	no
CH	docs/research/2026-06-27-logic-fair-trials/04-defeasible-argumentation.md	research/logic-fair-trials/04-defeasible-argumentation.md	87e1bcc3e03bdc3fed1924219c8e181dcf8646e7	de879f97e4a0b7feb72887aac314713cf9888bdce1e2e0c0679d09c520813ee1	0	no
CH	docs/research/2026-06-27-logic-fair-trials/05-modal-epistemic.md	research/logic-fair-trials/05-modal-epistemic.md	87e1bcc3e03bdc3fed1924219c8e181dcf8646e7	c9eb1e7c6ce68cca0bfd7a127b6ac3b4f4df40297b0320f5d2bf748277e7858d	0	no
CH	docs/research/2026-06-27-logic-fair-trials/06-temporal-runtime.md	research/logic-fair-trials/06-temporal-runtime.md	87e1bcc3e03bdc3fed1924219c8e181dcf8646e7	fed6494c3f7858dcfe65c2afc678db18d0aeefd75708cc00c0ae2921645a3bf8	0	no
CH	docs/research/2026-06-27-logic-fair-trials/07-paraconsistent.md	research/logic-fair-trials/07-paraconsistent.md	87e1bcc3e03bdc3fed1924219c8e181dcf8646e7	6a384bab86ebd1441a23ccc1a3ac2ee0388de8d9f2d42e2d899f35fe261b27af	0	no
CH	docs/research/2026-06-27-logic-fair-trials/08-description-logic.md	research/logic-fair-trials/08-description-logic.md	87e1bcc3e03bdc3fed1924219c8e181dcf8646e7	acac9510524020b6b17f50bd9f274ec1a440e46f7e7e4bc4f77285403867a7ad	0	no
CH	docs/research/2026-06-27-logic-fair-trials/09-linear-resource.md	research/logic-fair-trials/09-linear-resource.md	87e1bcc3e03bdc3fed1924219c8e181dcf8646e7	3dec6aa7df003567ce89c14fee4bf4affa024e8c1fec10123dfe95f146aa8a7a	0	no
CH	docs/research/2026-06-27-logic-fair-trials/10-relevance-substructural.md	research/logic-fair-trials/10-relevance-substructural.md	87e1bcc3e03bdc3fed1924219c8e181dcf8646e7	2c06698a9bfe8bb5e23f26041c97c6b26c5dc9807eeee48c9a554ce1f9916d25	0	no
CH	docs/research/2026-06-27-logic-fair-trials/11-smt-fol.md	research/logic-fair-trials/11-smt-fol.md	87e1bcc3e03bdc3fed1924219c8e181dcf8646e7	b2977fd051d566db8697ef1c4ba355e67dcd59f04d3ffa47900b6055623c042f	0	no
CH	docs/research/2026-06-27-logic-fair-trials/12-abductive-ilp.md	research/logic-fair-trials/12-abductive-ilp.md	87e1bcc3e03bdc3fed1924219c8e181dcf8646e7	d64ebcf77677af9d44e6429282b62bcd0c8a46e819a132a76a93623b9380c006	0	no
CH	docs/research/2026-06-27-logic-fair-trials/13-probabilistic-srl.md	research/logic-fair-trials/13-probabilistic-srl.md	87e1bcc3e03bdc3fed1924219c8e181dcf8646e7	8be8aa7f6a66fa85c29034a9691c0f8391787351ac613a28f2b81065fe165eb1	0	no
CH	docs/research/2026-06-27-logic-fair-trials/14-probabilistic-programming-bayesian.md	research/logic-fair-trials/14-probabilistic-programming-bayesian.md	87e1bcc3e03bdc3fed1924219c8e181dcf8646e7	687a61b2d4bd821646ef4dce9cca8a64a1268e844df1f414678cc915b286aaa3	0	no
CH	docs/research/2026-06-27-logic-fair-trials/AUDIT.md	research/logic-fair-trials/AUDIT.md	87e1bcc3e03bdc3fed1924219c8e181dcf8646e7	fd8cc930516c5fccfbb7db32f97a240d7f03801d2d30c83ffb35c2cf7b4a4d8c	0	no
CH	docs/research/2026-06-27-logic-fair-trials/EXEMPLAR-linear-resource.md	research/logic-fair-trials/EXEMPLAR-linear-resource.md	87e1bcc3e03bdc3fed1924219c8e181dcf8646e7	4e2c39e823cd8330d575e7c6af1327205413571889aa12cefb70ad6289551c61	0	no
CH	docs/research/2026-06-27-logic-fair-trials/README.md	research/logic-fair-trials/README.md	87e1bcc3e03bdc3fed1924219c8e181dcf8646e7	0c4eae53ce851daf77c18006d1cec7ab3844224a19a703934798b5518eb9d2ff	0	no
CH	docs/research/2026-06-27-obligations-formalisms-survey/00-synthesis.md	research/obligations-formalisms-survey/00-synthesis.md	87e1bcc3e03bdc3fed1924219c8e181dcf8646e7	a8d7b659c5f6a06357fe459c6790febe5312c28315a170e9e65e0769538284c9	0	no
CH	docs/research/2026-06-27-obligations-formalisms-survey/01-obligation-taxonomy.md	research/obligations-formalisms-survey/01-obligation-taxonomy.md	87e1bcc3e03bdc3fed1924219c8e181dcf8646e7	0276999189f55f02045118eec77fa639c221a808a80c53ce081aa249e78c77fc	0	no
CH	docs/research/2026-06-27-obligations-formalisms-survey/A-automation-and-encoding.md	research/obligations-formalisms-survey/A-automation-and-encoding.md	87e1bcc3e03bdc3fed1924219c8e181dcf8646e7	9367b8f82ea29a80f145ed01c63d42ebca83ef9133207a5964786273fed6625a	0	no
CH	docs/research/2026-06-27-obligations-formalisms-survey/B-composition-architecture.md	research/obligations-formalisms-survey/B-composition-architecture.md	87e1bcc3e03bdc3fed1924219c8e181dcf8646e7	a2f7ecce265aa52882426ccebbe94c4a8c2090207d77f7601c70e2b65f94c4aa	0	no
CH	docs/research/2026-06-27-obligations-formalisms-survey/C-encoding-qualification.md	research/obligations-formalisms-survey/C-encoding-qualification.md	87e1bcc3e03bdc3fed1924219c8e181dcf8646e7	ebe3d353f5d2acc6d63c9ec3ac174cefa66c3ae96740075fe7fa1e1772c6a22b	0	no
CH	docs/research/2026-06-27-obligations-formalisms-survey/D-coverage-and-completeness.md	research/obligations-formalisms-survey/D-coverage-and-completeness.md	87e1bcc3e03bdc3fed1924219c8e181dcf8646e7	f798b6fdd454d9f653949ba03ac12e604a35c0d5356dcaf2c7472208897ba60b	0	no
CH	docs/research/2026-06-27-obligations-formalisms-survey/KEY.md	research/obligations-formalisms-survey/KEY.md	87e1bcc3e03bdc3fed1924219c8e181dcf8646e7	83700abcd3dcc08190c8e05380e2abc1bfc29f9be3f6b9498c2bdd37de6c07ff	0	no
CH	docs/research/2026-06-27-obligations-formalisms-survey/README.md	research/obligations-formalisms-survey/README.md	87e1bcc3e03bdc3fed1924219c8e181dcf8646e7	cc2969701e993949cf8d288103a96b5705ac9000d96704dcdceab76d15152bfe	0	no
CH	docs/research/2026-06-27-obligations-formalisms-survey/formal-systems/01-datalog.md	research/obligations-formalisms-survey/formal-systems/01-datalog.md	87e1bcc3e03bdc3fed1924219c8e181dcf8646e7	84bce362118573731948c92e880d95e8b94988659958890891987ba35126dd82	0	no
CH	docs/research/2026-06-27-obligations-formalisms-survey/formal-systems/02-prolog-clp.md	research/obligations-formalisms-survey/formal-systems/02-prolog-clp.md	87e1bcc3e03bdc3fed1924219c8e181dcf8646e7	42b98f44b4862ee8e86d60d7b92962830671f1fd38a82273f39051a113424738	0	no
CH	docs/research/2026-06-27-obligations-formalisms-survey/formal-systems/03-asp.md	research/obligations-formalisms-survey/formal-systems/03-asp.md	87e1bcc3e03bdc3fed1924219c8e181dcf8646e7	11467aa7036d9ccfd7b1718a353becacc589e1b67e5e7d6f001b43cf90603910	0	no
CH	docs/research/2026-06-27-obligations-formalisms-survey/formal-systems/04-smt-fol.md	research/obligations-formalisms-survey/formal-systems/04-smt-fol.md	87e1bcc3e03bdc3fed1924219c8e181dcf8646e7	7f2b15b8b9f2cadc47216dd7ad4e80a547473d4dbc1308045bb95cf0b72d07cb	0	no
CH	docs/research/2026-06-27-obligations-formalisms-survey/formal-systems/05-sat-cp.md	research/obligations-formalisms-survey/formal-systems/05-sat-cp.md	87e1bcc3e03bdc3fed1924219c8e181dcf8646e7	c4473aa6672f8625a7d2dbe891a2e898f0eba7736da022c4da65f17636b8045c	0	no
CH	docs/research/2026-06-27-obligations-formalisms-survey/formal-systems/06-ltl-ctl-modelchecking.md	research/obligations-formalisms-survey/formal-systems/06-ltl-ctl-modelchecking.md	87e1bcc3e03bdc3fed1924219c8e181dcf8646e7	3b0977c6a5a046f89e01bae7ec194715692ee6a49e81c1b1935bb43739293c4f	0	no
CH	docs/research/2026-06-27-obligations-formalisms-survey/formal-systems/07-tla-refinement.md	research/obligations-formalisms-survey/formal-systems/07-tla-refinement.md	87e1bcc3e03bdc3fed1924219c8e181dcf8646e7	a2c9130bf38abccd7907f161a8bcc8bdeaab7ce5466a345cfef6f96d345e52f2	0	no
CH	docs/research/2026-06-27-obligations-formalisms-survey/formal-systems/08-metric-interval-temporal.md	research/obligations-formalisms-survey/formal-systems/08-metric-interval-temporal.md	87e1bcc3e03bdc3fed1924219c8e181dcf8646e7	751c4635d5830147fa36415564c18c7dbb1e742afb9332b20bf76f1a56aad6c2	0	no
CH	docs/research/2026-06-27-obligations-formalisms-survey/formal-systems/09-mu-calculus-coalgebra.md	research/obligations-formalisms-survey/formal-systems/09-mu-calculus-coalgebra.md	87e1bcc3e03bdc3fed1924219c8e181dcf8646e7	d63453e685d665b1f3fc91a1836d16fc36800daa50f184c8495049cc2882bafb	0	no
CH	docs/research/2026-06-27-obligations-formalisms-survey/formal-systems/10-description-logic.md	research/obligations-formalisms-survey/formal-systems/10-description-logic.md	87e1bcc3e03bdc3fed1924219c8e181dcf8646e7	b98c0946db93f17aceccb75ff8bad9ae4d4edf81752e5141a6ce5d066b8615dc	0	no
CH	docs/research/2026-06-27-obligations-formalisms-survey/formal-systems/11-hol-proof-assistants.md	research/obligations-formalisms-survey/formal-systems/11-hol-proof-assistants.md	87e1bcc3e03bdc3fed1924219c8e181dcf8646e7	ab1d97bdbc1de4a170d5a52e5c1b266dd49645a9f040aa6ad818411df33a0ff8	0	no
CH	docs/research/2026-06-27-obligations-formalisms-survey/formal-systems/12-probabilistic-logic-srl.md	research/obligations-formalisms-survey/formal-systems/12-probabilistic-logic-srl.md	87e1bcc3e03bdc3fed1924219c8e181dcf8646e7	5f867b0475d075dfbf3622f6779b37563949d09d92e9251909eaf280a899bbe2	0	no
CH	docs/research/2026-06-27-obligations-formalisms-survey/formal-systems/13-probabilistic-programming.md	research/obligations-formalisms-survey/formal-systems/13-probabilistic-programming.md	87e1bcc3e03bdc3fed1924219c8e181dcf8646e7	dd5ba3e9fcbd9b687058862af55dc39736fbeb370067cb7f500eb437babec4bc	0	no
CH	docs/research/2026-06-27-obligations-formalisms-survey/formal-systems/14-ilp.md	research/obligations-formalisms-survey/formal-systems/14-ilp.md	87e1bcc3e03bdc3fed1924219c8e181dcf8646e7	69c5e833a995e8e33e320013c671c0b347a6fd673218a984ce0ae779d5d7cad0	0	no
CH	docs/research/2026-06-27-obligations-formalisms-survey/formal-systems/15-modal-substrate.md	research/obligations-formalisms-survey/formal-systems/15-modal-substrate.md	87e1bcc3e03bdc3fed1924219c8e181dcf8646e7	fd7e83e45c969f3842cb380b770b861615ffe67806d0648bc111c04558b56d8b	0	no
CH	docs/research/2026-06-27-obligations-formalisms-survey/formal-systems/16-epistemic-del.md	research/obligations-formalisms-survey/formal-systems/16-epistemic-del.md	87e1bcc3e03bdc3fed1924219c8e181dcf8646e7	41dfe830c5697274b68d8b4389470ad4aca972df76125f06a157f789a10bcf2f	0	no
CH	docs/research/2026-06-27-obligations-formalisms-survey/formal-systems/17-justification-logic.md	research/obligations-formalisms-survey/formal-systems/17-justification-logic.md	87e1bcc3e03bdc3fed1924219c8e181dcf8646e7	1195e83e7c71086ec85310e58dea6de243029419c2b74a0b3c1c608c5429caf6	0	no
CH	docs/research/2026-06-27-obligations-formalisms-survey/formal-systems/18-provability-logic.md	research/obligations-formalisms-survey/formal-systems/18-provability-logic.md	87e1bcc3e03bdc3fed1924219c8e181dcf8646e7	22e4ded25470c7cdbf87a9052e2fdbb3dd86895452276e555e8f71bd0e337002	0	no
CH	docs/research/2026-06-27-obligations-formalisms-survey/formal-systems/19-deontic.md	research/obligations-formalisms-survey/formal-systems/19-deontic.md	87e1bcc3e03bdc3fed1924219c8e181dcf8646e7	2f54b72639a96cd5c36592a120ef18ab9732e78e99b7455a4e1e3bf730288501	0	no
CH	docs/research/2026-06-27-obligations-formalisms-survey/formal-systems/20-stit-agency.md	research/obligations-formalisms-survey/formal-systems/20-stit-agency.md	87e1bcc3e03bdc3fed1924219c8e181dcf8646e7	4d96d1868a44715783f7845b724aefbc56c85773da3e2ae1488b481ee69689a3	0	no
CH	docs/research/2026-06-27-obligations-formalisms-survey/formal-systems/21-belief-revision.md	research/obligations-formalisms-survey/formal-systems/21-belief-revision.md	87e1bcc3e03bdc3fed1924219c8e181dcf8646e7	957f2d910c636610c384345704b92ce5d4e3a1d0ad2a78ebd23f31d37fe31ca2	0	no
CH	docs/research/2026-06-27-obligations-formalisms-survey/formal-systems/22-nonmonotonic-classics.md	research/obligations-formalisms-survey/formal-systems/22-nonmonotonic-classics.md	87e1bcc3e03bdc3fed1924219c8e181dcf8646e7	4a72e13cbfeee4b9e38849ae732cf4793a6ce529e940ab4104ce59d5741c3151	0	no
CH	docs/research/2026-06-27-obligations-formalisms-survey/formal-systems/23-argumentation.md	research/obligations-formalisms-survey/formal-systems/23-argumentation.md	87e1bcc3e03bdc3fed1924219c8e181dcf8646e7	39b33ce3e02403936a0f33a72a37dc78ba174e33e158d5a2daa4dafb6f27705b	0	no
CH	docs/research/2026-06-27-obligations-formalisms-survey/formal-systems/24-counterfactual-causal.md	research/obligations-formalisms-survey/formal-systems/24-counterfactual-causal.md	87e1bcc3e03bdc3fed1924219c8e181dcf8646e7	09676c866ed07261cd3800f5d04265542ce4ede56420785ca9e6c6d126ee46fd	0	no
CH	docs/research/2026-06-27-obligations-formalisms-survey/formal-systems/25-paraconsistent-manyvalued.md	research/obligations-formalisms-survey/formal-systems/25-paraconsistent-manyvalued.md	87e1bcc3e03bdc3fed1924219c8e181dcf8646e7	474abe7b18f9d9d414b9da49a3c00e8b5731e9f82fda7c4b72fa71c4c64eaa6c	0	no
CH	docs/research/2026-06-27-obligations-formalisms-survey/formal-systems/26-substructural.md	research/obligations-formalisms-survey/formal-systems/26-substructural.md	87e1bcc3e03bdc3fed1924219c8e181dcf8646e7	1bda7df03fb966347af90253b9b9bdb4ac53554f9ee2d743668af7fc0362d1d0	0	no
CH	docs/research/2026-06-27-obligations-formalisms-survey/formal-systems/27-hyperintensional.md	research/obligations-formalisms-survey/formal-systems/27-hyperintensional.md	87e1bcc3e03bdc3fed1924219c8e181dcf8646e7	540699567c2f48c2cd9c6e7b318f28565249673a43d360737f3a510cefa47c1b	0	no
CH	docs/research/2026-07-02-nlp-logic-interface/BUILD-PLAN.md	research/nlp-logic-interface/BUILD-PLAN.md	87e1bcc3e03bdc3fed1924219c8e181dcf8646e7	1cd87b99c320fd64ace23c94cec4a88663a033f029f09a190d8dffc422ee475d	0	no
CH	docs/research/2026-07-02-nlp-logic-interface/DESIGN.md	research/nlp-logic-interface/DESIGN.md	87e1bcc3e03bdc3fed1924219c8e181dcf8646e7	3676608222af06a82e4514f6bee6efc9cde21322f18858615d112ee24ffc59ea	0	no
CH	docs/research/2026-07-02-nlp-logic-interface/INTERFACE.md	research/nlp-logic-interface/INTERFACE.md	87e1bcc3e03bdc3fed1924219c8e181dcf8646e7	71ba2d66e27f24a6b0b180c0b225991062b663119236ba7004ff734348b0ffad	0	no
CH	docs/research/2026-07-02-nlp-logic-interface/INVENTORY.md	research/nlp-logic-interface/INVENTORY.md	87e1bcc3e03bdc3fed1924219c8e181dcf8646e7	712699452f16eac7220812e7a0c0704031e79981cd969f6204d6670a3db0256c	0	no
CH	docs/research/2026-07-02-nlp-logic-interface/KB-CODESIGN.md	research/nlp-logic-interface/KB-CODESIGN.md	87e1bcc3e03bdc3fed1924219c8e181dcf8646e7	d47257009f7cb97d2fcecd91b87e8e884aa4795c014bcfddf7c249ac9556014f	0	no
CH	docs/research/2026-07-02-nlp-logic-interface/RESEARCH-SUMMARIES.md	research/nlp-logic-interface/RESEARCH-SUMMARIES.md	87e1bcc3e03bdc3fed1924219c8e181dcf8646e7	7d96a8d53082355cda8841805c6fdfa36eb3ff9dcb14ecb9e5822ea3a99f6aac	0	no
CH	docs/research/2026-07-02-nlp-logic-interface/SYNTHESIS-INPUTS.md	research/nlp-logic-interface/SYNTHESIS-INPUTS.md	87e1bcc3e03bdc3fed1924219c8e181dcf8646e7	e6cb22dac78560ff378f9987bbe391bb057947ba6dbfdc7a9ae941a0539e2664	0	no
CH	experiments/fact-mining/ledger_edb.py	engine/ledger_edb.py	87e1bcc3e03bdc3fed1924219c8e181dcf8646e7	d1d896bfe9324ed0b0cc9f49a7404edbad3ff92c7fd5a83ef3a4b838546f0b1e	1	no
CH	experiments/fact-mining/ledger_floor.py	engine/ledger_floor.py	87e1bcc3e03bdc3fed1924219c8e181dcf8646e7	e2591ab2ee77d3eea5a404e4d7107eec882a2c6356b0da2155e1f10942ee4445	1	no
CH	experiments/fact-mining/ledger_differential.py	engine/ledger_differential.py	87e1bcc3e03bdc3fed1924219c8e181dcf8646e7	7fefda0621bdb32f611f4fbd61c315e1c17e74ccfe19cdf2826c87c35b0c21fb	1	no
CH	experiments/fact-mining/clingo_run.py	engine/clingo_run.py	87e1bcc3e03bdc3fed1924219c8e181dcf8646e7	5840a5339c7d04a38fec3b10ed888dcb8ff6e37aacc43802f7bfce907fbc5eee	1	no
CH	experiments/fact-mining/acts_edb.py	engine/acts_edb.py	87e1bcc3e03bdc3fed1924219c8e181dcf8646e7	f30f32c011491c7fe9611f68da88df089d1b33d31a31e9a01697c538da4957a9	1	no
CH	experiments/fact-mining/acts_join.py	engine/acts_join.py	87e1bcc3e03bdc3fed1924219c8e181dcf8646e7	9182528d795d06cb24ebdd0ac4ee95caec45f47473876b3fca20553697e83574	1	no
CH	experiments/fact-mining/ledger_acts_scratch.py	engine/ledger_acts_scratch.py	87e1bcc3e03bdc3fed1924219c8e181dcf8646e7	19237abf874f246734a10d87aabef26c72a36d8e4af911d605971fbd8146c8b6	1	no
CH	experiments/fact-mining/ledger_diff_scratch.py	engine/ledger_diff_scratch.py	87e1bcc3e03bdc3fed1924219c8e181dcf8646e7	a4d09bf69d4396e8b16ce945bfe9df25689555c22cb14f4e011786693647360b	1	no
CH	experiments/fact-mining/ledger_dto_scratch.py	engine/ledger_dto_scratch.py	87e1bcc3e03bdc3fed1924219c8e181dcf8646e7	ccd2f83c0b4724e99d2437352561874360a094175b84a98a32d6e5d1f71c4042	1	no
CH	experiments/fact-mining/ledger_support_scratch.py	engine/ledger_support_scratch.py	87e1bcc3e03bdc3fed1924219c8e181dcf8646e7	f71e0d2030b22a0e5fd75c039501d7587a2706b058210cc25fd09cad9427ba46	1	no
CH	experiments/fact-mining/dto_authentic_verify.py	engine/dto_authentic_verify.py	87e1bcc3e03bdc3fed1924219c8e181dcf8646e7	ec104754ca5500718450f3ea6dc2f9060e015e8b839943bd691e4b7e57592a9e	1	no
CH	experiments/fact-mining/judgment_registry.py	engine/judgment_registry.py	87e1bcc3e03bdc3fed1924219c8e181dcf8646e7	1cc1d1678c62d0cb5826eb086f270c06e92fc67330e29bfded4c936b2dead866	1	no
CH	experiments/fact-mining/registry_baseline.json	engine/registry_baseline.json	87e1bcc3e03bdc3fed1924219c8e181dcf8646e7	d4c85e9f12dc59cdc0723cbae879a5d45ec216cd05585b75021540198328b421	1	no
CH	experiments/fact-mining/verify_registry_parity.py	engine/verify_registry_parity.py	87e1bcc3e03bdc3fed1924219c8e181dcf8646e7	957a91c32110203a1f632b0f1eee221945569ff8e0e238b52f247a7346c629a8	1	no
CH	experiments/fact-mining/law_census.py	engine/law_census.py	87e1bcc3e03bdc3fed1924219c8e181dcf8646e7	4daf625e621f22af44529f444e60cb0c64be2dbd0d172415ab2f6f6f7e7b7eb3	1	no
CH	experiments/fact-mining/law_census_entries.py	engine/law_census_entries.py	87e1bcc3e03bdc3fed1924219c8e181dcf8646e7	583ef993fdca3dbd44deca4c990d5b5d39c41454a3ef65d5fb97a6a6644a9f18	1	no
CH	experiments/fact-mining/ledger_acts.lp	engine/lp/ledger_acts.lp	87e1bcc3e03bdc3fed1924219c8e181dcf8646e7	4d38aec23893e67d5f82f9e0fb6c081cb559ce2dcc91306ad2400e438ea7417d	0	no
CH	experiments/fact-mining/ledger_assumes.lp	engine/lp/ledger_assumes.lp	87e1bcc3e03bdc3fed1924219c8e181dcf8646e7	4f4b2a92daa33ac8a0779720b84fb66b44c2911fd4bc8adc07c60cccab65704b	0	no
CH	experiments/fact-mining/ledger_dto.lp	engine/lp/ledger_dto.lp	87e1bcc3e03bdc3fed1924219c8e181dcf8646e7	7388b5191d4bf245eaf12d72fbcaece84a0963f9af7a58ba96ed784d891ef8a8	0	no
CH	experiments/fact-mining/ledger_support.lp	engine/lp/ledger_support.lp	87e1bcc3e03bdc3fed1924219c8e181dcf8646e7	3c2ecf5638dbc6f65e782d3c266e0352d273b9e9a8b1e7b75f87f843d1603317	0	no
CH	experiments/fact-mining/ledger_tnow.lp	engine/lp/ledger_tnow.lp	87e1bcc3e03bdc3fed1924219c8e181dcf8646e7	3a0ab1ea1966f07131986b03fa4f39302c517a7b3d2524450731b5bb6890f9dd	0	no
CH	experiments/fact-mining/test_ledger_acts.py	engine/tests/test_ledger_acts.py	87e1bcc3e03bdc3fed1924219c8e181dcf8646e7	0914829bb66f39e84447e4f6690e54c643e4e3e358d5d84b8018664000878a16	1	no
CH	experiments/fact-mining/test_ledger_marriage.py	engine/tests/test_ledger_marriage.py	87e1bcc3e03bdc3fed1924219c8e181dcf8646e7	bd82a571eeffb42f7335a75cd4dab0a323581115cd781c3a0009dc7b0ba4fecc	1	no
CH	experiments/fact-mining/test_ledger_support.py	engine/tests/test_ledger_support.py	87e1bcc3e03bdc3fed1924219c8e181dcf8646e7	d6cfc3bd676983273b419972ce51902252c3ce83831eb25deb3922f5a4c45ee7	1	no
CH	experiments/fact-mining/test_acts_join.py	engine/tests/test_acts_join.py	87e1bcc3e03bdc3fed1924219c8e181dcf8646e7	ee68d6edfe5bb62c3bbb59435e15ac874e7571f362b154529b29186fd5aac990	1	no
CH	experiments/fact-mining/row_performed_by.py	instruments/row_performed_by.py	87e1bcc3e03bdc3fed1924219c8e181dcf8646e7	3e94bc7df79d6a613728000789c88ea034974ad3b8041c9427d13b4987bd8f72	0	no
CH	experiments/fact-mining/verify_binder.py	instruments/verify_binder.py	87e1bcc3e03bdc3fed1924219c8e181dcf8646e7	24bc22f12babf37fd2f9f1a90efab39428288b30cc577b7fb65c5c396b5327bf	0	no
CH	experiments/fact-mining/verify_operator_turns.py	instruments/verify_operator_turns.py	87e1bcc3e03bdc3fed1924219c8e181dcf8646e7	636e5b0fec08469ead07ab73cbd7c2d7335959cfcb206241c03c60263d659bd9	1	no
CH	experiments/fact-mining/verify_relevant_act.py	instruments/verify_relevant_act.py	87e1bcc3e03bdc3fed1924219c8e181dcf8646e7	c9584b0f12afd20a227afdf9fc1072f2c599571050fc13eae709672398781a5e	0	no
CH	experiments/fact-mining/docs/LEDGER-LOGIC-MARRIAGE.md	design/LEDGER-LOGIC-MARRIAGE.md	87e1bcc3e03bdc3fed1924219c8e181dcf8646e7	26b6a64d955d0690f614c62afbb7ada02047c364cabbd933b23501795aa61cc3	0	no
CH	experiments/fact-mining/docs/LOGIC-LAYER-ASP.md	design/LOGIC-LAYER-ASP.md	87e1bcc3e03bdc3fed1924219c8e181dcf8646e7	c9f27cc8bad0e68bd6441aa19f04adad7e34a0eba2ce343647e94f36595d412d	0	no
CH	experiments/fact-mining/docs/LOGIC-LAYER-SEAM.md	design/LOGIC-LAYER-SEAM.md	87e1bcc3e03bdc3fed1924219c8e181dcf8646e7	77550518366a0b4c44f3a46a4f6587408266865a52280c2c5fc862d7e367ee61	0	no
CH	experiments/fact-mining/docs/HOOK-DESIGN.md	design/HOOK-DESIGN.md	87e1bcc3e03bdc3fed1924219c8e181dcf8646e7	ef47f5a97303d8eeb070fe324aa39b5c16a60788ad30a8ee53bb792b62f5ead7	0	no
CH	experiments/fact-mining/docs/DEPLOYMENT-ROADMAP.md	design/DEPLOYMENT-ROADMAP.md	87e1bcc3e03bdc3fed1924219c8e181dcf8646e7	2c279dd7c4d671326e64017d13c4ff92bfa8b27d4dc94718e2987a0985ce69ff	0	no
CH	experiments/fact-mining/docs/safety-critical-logging-standards/BRIEF.md	law/briefs/safety-critical-logging/BRIEF.md	87e1bcc3e03bdc3fed1924219c8e181dcf8646e7	d1d38d515ca176300376b04763fb4a177e7e9bb688f68b3783cf52690359f644	0	no
CH	experiments/fact-mining/docs/safety-critical-logging-standards/intermediate/critique.md	law/briefs/safety-critical-logging/intermediate/critique.md	87e1bcc3e03bdc3fed1924219c8e181dcf8646e7	367c1a89656a9e1f1e64148c72e5c08412e2dd224817a550fc7cc57e49be6290	0	no
CH	experiments/fact-mining/docs/safety-critical-logging-standards/intermediate/sweep-assurance-cases-gsn.md	law/briefs/safety-critical-logging/intermediate/sweep-assurance-cases-gsn.md	87e1bcc3e03bdc3fed1924219c8e181dcf8646e7	cfdbd6cf9440bb8940c1dde4400ae39107910b85a59ec616374c2187e047d7b0	0	no
CH	experiments/fact-mining/docs/safety-critical-logging-standards/intermediate/sweep-aviation-aerospace-software-assurance.md	law/briefs/safety-critical-logging/intermediate/sweep-aviation-aerospace-software-assurance.md	87e1bcc3e03bdc3fed1924219c8e181dcf8646e7	939f51073d31200c6a10bb6cbc94c22b23a88c2f74d0dae71b78365f822e6e7c	0	no
CH	experiments/fact-mining/docs/safety-critical-logging-standards/intermediate/sweep-civil-structural-engineering.md	law/briefs/safety-critical-logging/intermediate/sweep-civil-structural-engineering.md	87e1bcc3e03bdc3fed1924219c8e181dcf8646e7	eb83ad07cdb6754e089275fc448ed4beac4af817da5583b3713a0d9ef8c783fc	0	no
CH	experiments/fact-mining/docs/safety-critical-logging-standards/intermediate/sweep-data-integrity-forensic.md	law/briefs/safety-critical-logging/intermediate/sweep-data-integrity-forensic.md	87e1bcc3e03bdc3fed1924219c8e181dcf8646e7	f8499ab32f3d7df2c4b9e42c12a3caf7a5245481a4f2be442ad56742d2ea67a0	0	no
CH	experiments/fact-mining/docs/safety-critical-logging-standards/intermediate/sweep-financial-systems.md	law/briefs/safety-critical-logging/intermediate/sweep-financial-systems.md	87e1bcc3e03bdc3fed1924219c8e181dcf8646e7	8975ecf8d1f0c945c66f515f77d27b0d304fc1195eee65d4f6833b2f571b7761	0	no
CH	experiments/fact-mining/docs/safety-critical-logging-standards/intermediate/sweep-formal-methods-civil-transport.md	law/briefs/safety-critical-logging/intermediate/sweep-formal-methods-civil-transport.md	87e1bcc3e03bdc3fed1924219c8e181dcf8646e7	4b13ec7df2e8930b6c84defd85e79be3bdb32f1f554488cef59e589f21182237	0	no
CH	experiments/fact-mining/docs/safety-critical-logging-standards/intermediate/sweep-functional-safety-standards.md	law/briefs/safety-critical-logging/intermediate/sweep-functional-safety-standards.md	87e1bcc3e03bdc3fed1924219c8e181dcf8646e7	b96ee3ed9197b5a3fd2dfd3e257b0e2466bc82688698717e424b911ded77273d	0	no
CH	experiments/fact-mining/docs/safety-critical-logging-standards/intermediate/sweep-medical-device-software.md	law/briefs/safety-critical-logging/intermediate/sweep-medical-device-software.md	87e1bcc3e03bdc3fed1924219c8e181dcf8646e7	f4be1109f89a251b15a7b0c24857da9b7ef44efe3732f9c3e191c2f34672e9c6	0	no
CH	experiments/fact-mining/docs/safety-critical-logging-standards/intermediate/sweep-nuclear-ic.md	law/briefs/safety-critical-logging/intermediate/sweep-nuclear-ic.md	87e1bcc3e03bdc3fed1924219c8e181dcf8646e7	e474e51314cc3b899318dd43eeccbb6ed501e5c2fd898bd630e8ce2a4107dc39	0	no
CH	experiments/fact-mining/docs/safety-critical-logging-standards/intermediate/synthesis-draft.md	law/briefs/safety-critical-logging/intermediate/synthesis-draft.md	87e1bcc3e03bdc3fed1924219c8e181dcf8646e7	6d46410d6c33c04483e9b7abeff7c8d10bdfdce53a3c7da07a35e58f2698f8bb	0	no
CH	experiments/fact-mining/docs/safety-critical-logging-standards/sources/ACPO_Good_Practice_Guide_Digital_Evidence_v5.pdf	law/briefs/safety-critical-logging/sources/ACPO_Good_Practice_Guide_Digital_Evidence_v5.pdf	87e1bcc3e03bdc3fed1924219c8e181dcf8646e7	3bfbfef11be8dd338d056204389db46b69d19f3ee1459943b80d416c11cb6128	0	no
CH	experiments/fact-mining/docs/safety-critical-logging-standards/sources/CLEARSY_Line14_25years_B.html	law/briefs/safety-critical-logging/sources/CLEARSY_Line14_25years_B.html	87e1bcc3e03bdc3fed1924219c8e181dcf8646e7	c82548293fcdb5c0dd1552587952821970b0857f7923482ab6abc4c6c2394d07	0	no
CH	experiments/fact-mining/docs/safety-critical-logging-standards/sources/MHRA_GxP_data_integrity_guidance_2018.pdf	law/briefs/safety-critical-logging/sources/MHRA_GxP_data_integrity_guidance_2018.pdf	87e1bcc3e03bdc3fed1924219c8e181dcf8646e7	e05dda11a93324c47f3f96aa106933d0073d8eb450f09d736ea53b19cf7ebd0d	0	no
CH	experiments/fact-mining/docs/safety-critical-logging-standards/sources/SOURCES.md	law/briefs/safety-critical-logging/sources/SOURCES.md	87e1bcc3e03bdc3fed1924219c8e181dcf8646e7	84654f2ecd363b668fac9cf701c8432b18ddafba321398d93a12087a450a1884	0	no
CH	experiments/fact-mining/docs/safety-critical-logging-standards/sources/WODES22_storm_surge_barrier_lessons_learned.pdf	law/briefs/safety-critical-logging/sources/WODES22_storm_surge_barrier_lessons_learned.pdf	87e1bcc3e03bdc3fed1924219c8e181dcf8646e7	3dbbaac655f7e5891aa7bc10c705ac2d2248dc908c388b2d849a63b145cd63a0	0	no
CH	experiments/fact-mining/docs/safety-critical-logging-standards/sources/arXiv_2005.07190_RATP_Line14_25yr.pdf	law/briefs/safety-critical-logging/sources/arXiv_2005.07190_RATP_Line14_25yr.pdf	87e1bcc3e03bdc3fed1924219c8e181dcf8646e7	9028abf87db199e56894dec36604962d9bb0fa5ce22064e36d165359d12f52c7	0	no
CH	experiments/fact-mining/docs/safety-critical-logging-standards/sources/arXiv_2504.08518_BESW_mCRL2_reverification.pdf	law/briefs/safety-critical-logging/sources/arXiv_2504.08518_BESW_mCRL2_reverification.pdf	87e1bcc3e03bdc3fed1924219c8e181dcf8646e7	c939ac42f524c328b7ee97b984b77e04e82353d97beaec7ab38d45664cf205f9	0	no
CH	experiments/fact-mining/docs/incomplete-evidence-standards/BRIEF.md	law/briefs/incomplete-evidence/BRIEF.md	87e1bcc3e03bdc3fed1924219c8e181dcf8646e7	f5dd02290d085e839de5f6f7475405af951ae26070b8e299e27bf65de8a6f2cb	0	no
CH	experiments/fact-mining/docs/incomplete-evidence-standards/sources/IAASB_ISA_230_audit_documentation.pdf	law/briefs/incomplete-evidence/sources/IAASB_ISA_230_audit_documentation.pdf	87e1bcc3e03bdc3fed1924219c8e181dcf8646e7	e2c72777426069bef60458fa80b43404c90f874f3e7e5d6cc2fd58e49e793866	0	no
CH	experiments/fact-mining/docs/incomplete-evidence-standards/sources/IAASB_ISA_500_audit_evidence.pdf	law/briefs/incomplete-evidence/sources/IAASB_ISA_500_audit_evidence.pdf	87e1bcc3e03bdc3fed1924219c8e181dcf8646e7	118a866f006cd09c2aad24885d6f5a1e1a846a5e59af0deb060948c16cbc5799	0	no
CH	experiments/fact-mining/docs/incomplete-evidence-standards/sources/IESBA_Code_of_Ethics_2024_Handbook.pdf	law/briefs/incomplete-evidence/sources/IESBA_Code_of_Ethics_2024_Handbook.pdf	87e1bcc3e03bdc3fed1924219c8e181dcf8646e7	60b202b325f1e4ae29a2e4719973f196589874a066b24832a829bd0acf3888a7	0	no
CH	experiments/fact-mining/docs/incomplete-evidence-standards/sources/ISO_15489-1_2016_official_sample.pdf	law/briefs/incomplete-evidence/sources/ISO_15489-1_2016_official_sample.pdf	87e1bcc3e03bdc3fed1924219c8e181dcf8646e7	d22084014ef954ae530e74a8b524dd002ee1bda67fc2b58ae499dafe203e9250	0	no
CH	experiments/fact-mining/docs/incomplete-evidence-standards/sources/MHRA_GxP_data_integrity_guidance_2018.pdf	law/briefs/incomplete-evidence/sources/MHRA_GxP_data_integrity_guidance_2018.pdf	87e1bcc3e03bdc3fed1924219c8e181dcf8646e7	e05dda11a93324c47f3f96aa106933d0073d8eb450f09d736ea53b19cf7ebd0d	0	no
EO	POST-FABLE-OPERATING-BRIEF.md	judgment/POST-FABLE-OPERATING-BRIEF.md	e34759885879a4bcb7878bef6d08eb400885c155	7126220743244e27a0a6e206058c1ed2356a44ae4bc1f847904168cc72dea9fe	0	no
EO	BRIEF-CONFORMANCE-MAP.md	law/briefs/BRIEF-CONFORMANCE-MAP.md	e34759885879a4bcb7878bef6d08eb400885c155	307a8d8bc597f9c78c100fd2c25c32f503b6c5cd2d12209bcdbca7bcc6fe3311	0	no
EO	FINDINGS.md	FINDINGS.md	e34759885879a4bcb7878bef6d08eb400885c155	cc697ff4dfa27d9f0589eb93304bb47f3eb986aaf2d16b6b4e33e328d0b92641	0	no
EO	instruments/README.md	instruments/README.md	e34759885879a4bcb7878bef6d08eb400885c155	c9fe3e47c1a43be16618a5711a7c19f8107b37c1617c7c8d4f3ba3d2176d21cf	0	no
EO	instruments/cite_check.py	instruments/cite_check.py	e34759885879a4bcb7878bef6d08eb400885c155	e56e2c0f843b6dbf7b7997280e70b1f985c0d80ea5182d5bc5a095500b5b90d1	0	no
EO	instruments/close_manifest.py	instruments/close_manifest.py	e34759885879a4bcb7878bef6d08eb400885c155	524ebc035367da434a9c27a136517f6d1ef0167b9162dd7fbbfffb90c02e83fb	0	no
EO	instruments/close_sweep.py	instruments/close_sweep.py	e34759885879a4bcb7878bef6d08eb400885c155	095c90f0d7bd4b7477d67a6119e0653888552f0faafd819b52080b2b9e72041f	0	no
EO	instruments/contemporaneity.py	instruments/contemporaneity.py	e34759885879a4bcb7878bef6d08eb400885c155	d2eb75dca4b2735ccb146606a9129c063188ff01523de2746d78c9c44e68428b	0	no
EO	instruments/core_a.lp	instruments/core_a.lp	e34759885879a4bcb7878bef6d08eb400885c155	d3d30336a1e8de9d82f2421ff9b024503f13c9754104bbc3576181336cc7a12d	0	no
EO	instruments/coverage_audit.py	instruments/coverage_audit.py	e34759885879a4bcb7878bef6d08eb400885c155	2cfc5b64894dd2a710c3a08d76c28a186e4311597bf9d1cc8d63981f99a73169	0	no
EO	instruments/derive_trail.py	instruments/derive_trail.py	e34759885879a4bcb7878bef6d08eb400885c155	611f0bc09e156f419abc20ebebf722f0c03c6df9279013c9b6b3975722bf1e05	0	no
EO	instruments/enacts_chain.py	instruments/enacts_chain.py	e34759885879a4bcb7878bef6d08eb400885c155	75abed71c4e31820a2402f29ae6b0278c7cce53715f3f7dc8904037ba4b71f46	0	no
EO	instruments/fixtures/core-a-broken.lp	instruments/fixtures/core-a-broken.lp	e34759885879a4bcb7878bef6d08eb400885c155	f9aefdd2272c423daf46c96e7af95b7654ce9dce782276fd5e60b4cd423a3cd0	0	no
EO	instruments/ledger_target.py	instruments/ledger_target.py	e34759885879a4bcb7878bef6d08eb400885c155	e8954e0189ae73283d4f1d68b9445ed7863f965c94cdb3dfde7f9d19e4f9f10a	1	no
EO	instruments/observed_currency.py	instruments/observed_currency.py	e34759885879a4bcb7878bef6d08eb400885c155	019733dd66de7cee22232d31fd3ebfc6f17e0d4f7aaae746c363c9e3412c61f7	0	no
EO	instruments/read_currency.py	instruments/read_currency.py	e34759885879a4bcb7878bef6d08eb400885c155	9243b4684c51856cf03f90c1c45789a423f6fbad9c6d4c58936359479d8dbb1b	0	no
EO	instruments/review_fixpoint.py	instruments/review_fixpoint.py	e34759885879a4bcb7878bef6d08eb400885c155	014ebac414a5655d468f5756f6d05c40cd444fa248c2d98c18fbf6dab8bbcfe7	0	no
EO	instruments/review_fixpoint_close.py	instruments/review_fixpoint_close.py	e34759885879a4bcb7878bef6d08eb400885c155	8cd3e2c4be1b6ceed8ad9783fcf269f7d2826d8beb7f5e184a35c29fcbfdad9d	0	no
EO	instruments/review_queue.py	instruments/review_queue.py	e34759885879a4bcb7878bef6d08eb400885c155	255ee6ad8eb9ec3001e4cdb3f0548b068f914172ceaf88d5764076b897f81568	0	no
EO	instruments/review_without_detail.py	instruments/review_without_detail.py	e34759885879a4bcb7878bef6d08eb400885c155	5242563cced062bc588313808407e1d003b3940c1220d4cd1914fc7171235788	0	no
EO	instruments/run-core-a.sh	instruments/run-core-a.sh	e34759885879a4bcb7878bef6d08eb400885c155	d2cfb1a2e5e90ba0c36e83b37c3a2faa8eea11294091abc709e7d664fe6d1ae0	0	no
EO	instruments/soundness.lp	instruments/soundness.lp	e34759885879a4bcb7878bef6d08eb400885c155	3c8d236e997135efd5b356f8ed484d5c315ae9f2251f839c47be4cf17aecd174	0	no
EO	instruments/soundness.py	instruments/soundness.py	e34759885879a4bcb7878bef6d08eb400885c155	67767baade4f3d9aa6b6adea853f2b018127ac4c53dbb8c5bc347cdc12259f62	0	no
EO	instruments/soundness_twin.py	instruments/soundness_twin.py	e34759885879a4bcb7878bef6d08eb400885c155	b8b5017cf92a010f42de01eb26415d2e04aacce249cd8f7e7356d8d1f2720321	0	no
EO	instruments/stale_enactment_debt.py	instruments/stale_enactment_debt.py	e34759885879a4bcb7878bef6d08eb400885c155	7523041e978e38b997254ec6b7c5f1ce239009ae6effc52fca978fac247e626c	0	no
EO	instruments/verify_consumer_no_vacuous.py	instruments/verify_consumer_no_vacuous.py	e34759885879a4bcb7878bef6d08eb400885c155	29c94ffc8fd20c7a1adf6762fddfdcb050c2eca2cd17753598f5535d37b8db1a	0	no
EO	instruments/verify_contemporaneity_degrade.py	instruments/verify_contemporaneity_degrade.py	e34759885879a4bcb7878bef6d08eb400885c155	c9f09aa93584529144a0f3bed2da9a2e331e8e4c5085ffc01080b15c6139fcef	0	no
EO	instruments/verify_delivery_freight.py	instruments/verify_delivery_freight.py	e34759885879a4bcb7878bef6d08eb400885c155	5e0fc56b2b4dcab450b476df74eea79d58b75e6289adaf6be001893f0440725d	0	no
EO	instruments/verify_gate_journal_registered.py	instruments/verify_gate_journal_registered.py	e34759885879a4bcb7878bef6d08eb400885c155	a550e9a32ca8066a3a4b92f1b18924d88071630e3302bbd1c68e92fa1dae5420	0	no
EO	instruments/verify_review_fixpoint.py	instruments/verify_review_fixpoint.py	e34759885879a4bcb7878bef6d08eb400885c155	0c8c04ec00a2d6682e7ec000b657ee8c16dc19c066d4691fdf53332ae3b65a02	0	no
EO	instruments/verify_review_without_detail.py	instruments/verify_review_without_detail.py	e34759885879a4bcb7878bef6d08eb400885c155	2bb49d5d7c88cd6c893b47d61abb97db89db03318f3ec1d6c6d2c6a69fb00351	0	no
EO	instruments/verify_substrate_required.py	instruments/verify_substrate_required.py	e34759885879a4bcb7878bef6d08eb400885c155	4aaefd8614da5774707d4505610a877e887cca12daf80d42225063f1dc120fb9	0	no
EO	tools/act_stream/claude_code_adapter.py	instruments/act_stream/claude_code_adapter.py	e34759885879a4bcb7878bef6d08eb400885c155	262e628568999ba36f673d30164935abd48a5e1b9f1330778ef85c188ebfa863	0	no
EO	tools/act_stream/contract.py	instruments/act_stream/contract.py	e34759885879a4bcb7878bef6d08eb400885c155	df512c1113917888e8cf0609bc58544886e3fc3204b093dd823709ec36b3629c	0	no
EO	tools/act_stream/fixtures/syn_session/subagents/syn-sub.jsonl	instruments/act_stream/fixtures/syn_session/subagents/syn-sub.jsonl	e34759885879a4bcb7878bef6d08eb400885c155	31fe1f697471dc2b3a83ce9260a660af382cd9ff7e7c22f17cc1a99bb578e1bd	0	no
EO	tools/act_stream/fixtures/syn_session/syn-main.jsonl	instruments/act_stream/fixtures/syn_session/syn-main.jsonl	e34759885879a4bcb7878bef6d08eb400885c155	03d389f4fb0446d5abcf2cc10a6006f4b9de355b8a90989b55cf10864df65320	0	no
EO	tools/act_stream/verify_adapter.py	instruments/act_stream/verify_adapter.py	e34759885879a4bcb7878bef6d08eb400885c155	cbe1e2a69977dc77cdb5df335a7caa1fcf96148456e3748a498363e082d9995f	0	no
EO	tools/act_stream/verify_bash_write.py	instruments/act_stream/verify_bash_write.py	e34759885879a4bcb7878bef6d08eb400885c155	1ac41283a2399b2cb753d4bef4125237a98207976fcd40ac8a5757a3188987b7	0	no
EO	harness/launch_subject.sh	drive/launch_subject.sh	e34759885879a4bcb7878bef6d08eb400885c155	21ba88441d358610bddc0179df291be73658566e7151946ea54de51923180eb1	0	no
EO	harness/e18-build/arm_e18.sh	drive/arm.sh	e34759885879a4bcb7878bef6d08eb400885c155	652293d77652eb09b017bf3cc3cb552ea74f13b1ca921cfb8a36ad912a287c53	1	no
EO	harness/e18-build/freeze_manifest.sh	drive/freeze_manifest.sh	e34759885879a4bcb7878bef6d08eb400885c155	ef664af218bb724980174cdb6c24182cc55447636784589160441b2ddf619398	0	no
EO	harness/e17-build/launch.conf	drive/launch.conf.template	e34759885879a4bcb7878bef6d08eb400885c155	4bcc6be3d50b2424f722233eda8c882856556e4763da599667070ce803a4e2b6	1	no
EO	harness/e14-build/delivery_drill.py	drive/delivery_drill.py	e34759885879a4bcb7878bef6d08eb400885c155	f92beaf4919e4f0ea789f88185e2fe202805e662e142519de158dd71e6760413	0	no
EO	harness/e14-build/gate_probe.py	drive/gate_probe.py	e34759885879a4bcb7878bef6d08eb400885c155	deeed3a9c942d2046ba20cdee6ff811eb1b1e084cb7961e53cd77735de84bf94	0	no
EO	harness/e18-build/adjudicate_repro.py	drive/adjudicate_repro.py	e34759885879a4bcb7878bef6d08eb400885c155	aa4a6b8c57b23ff1532758c6ec3549f274d2d1bd2982463c3303ec7cb383b11c	0	no
EO	harness/e15-build/rehearsal/anchor_pre_registration.py	drive/rehearsal/anchor_pre_registration.py	e34759885879a4bcb7878bef6d08eb400885c155	0ee59217869db40dd39776085a978ccc67ec341d3de95dbb3fb50a2479fe072b	0	no
EO	harness/e15-build/rehearsal/make_mock_session.py	drive/rehearsal/make_mock_session.py	e34759885879a4bcb7878bef6d08eb400885c155	5115190b28b5ad5a573af7d78b6125e88d042369b530939685d27b2797e8ae54	0	no
EO	harness/e15-build/rehearsal/rehearse.py	drive/rehearsal/rehearse.py	e34759885879a4bcb7878bef6d08eb400885c155	aa5d27780052d499fb92fb194d5dd1eee11ec89bc8bf7e53c89a155b1ab4275c	0	no
EO	harness/e14-build/pretooluse_change_policy.py	hooks/pretooluse_change_gate.py	e34759885879a4bcb7878bef6d08eb400885c155	3dbb359bd7626600867bfb5130c3d38eb51784eb516048baf37ca25d4b2d1818	0	no
EO	harness/e17-build/stamp_intercept.py	hooks/stamp_intercept.py	e34759885879a4bcb7878bef6d08eb400885c155	397e60441c252755e2e2e22f2ec43bbefc80ffef0c65b52c17b10d8ae97b2275	0	no
EO	harness/e9-build/s10-schema.sql	kernel/lineage/s10-schema.sql	e34759885879a4bcb7878bef6d08eb400885c155	9f9168b2d3fb8c99ed7103b0aa885e5b4cd8f32395f4c2553a2e50be0ed361ed	0	no
EO	harness/e10-build/s11-schema.sql	kernel/lineage/s11-schema.sql	e34759885879a4bcb7878bef6d08eb400885c155	46dcddc9325158ac23cd5fc299815dcf1544b0ce895db77e020de789b3b75841	0	no
EO	harness/e11-build/s12-schema.sql	kernel/lineage/s12-schema.sql	e34759885879a4bcb7878bef6d08eb400885c155	53322da1537afa79a5bb54ae8a0911d988961b00c11f61cd4834f3b8d413e47b	0	no
EO	harness/e13-build/s13-schema.sql	kernel/lineage/s13-schema.sql	e34759885879a4bcb7878bef6d08eb400885c155	e2556c3c15a0b1764458e92bb9f479b069e58c77e1f6ca16af699119e772ace8	0	no
EO	harness/e14-build/s14-schema.sql	kernel/lineage/s14-schema.sql	e34759885879a4bcb7878bef6d08eb400885c155	a451f99f94b85ae309cd99acf80f0d6f1dc0c68655dba86bdba6aeb87714fc1a	0	no
EO	harness/e14-build/nla/nla-schema.sql	kernel/lineage/nla-schema.sql	e34759885879a4bcb7878bef6d08eb400885c155	397a03f83c6a459c3981df284701d1b14c3bef087f0a26c304b55225fdc2b6ce	0	no
EO	harness/e15-build/s15-schema.sql	kernel/lineage/s15-schema.sql	e34759885879a4bcb7878bef6d08eb400885c155	f8b259833a90581e078f822a8d5486b30aee32a16033a98b8c5c266cf1b59c8a	0	no
EO	harness/e15-build/s13-review_detail-truncate-guard-remediation.sql	kernel/lineage/s13-remediation-review-detail-truncate-guard.sql	e34759885879a4bcb7878bef6d08eb400885c155	00a55e93301d92697145ed5ce543b08b19cb1d28ca01bf7b272c941153a72cd6	0	no
EO	harness/e17-build/s17-stamp-mechanism.sql	kernel/lineage/s17-stamp-mechanism.sql	e34759885879a4bcb7878bef6d08eb400885c155	5e142baac9de0aa20d6abd2a662c1223c8f5dda7faffec2340e69a9502b99eb5	0	no
EO	harness/e17-build/s17-independence-vocabulary.sql	kernel/lineage/s17-independence-vocabulary.sql	e34759885879a4bcb7878bef6d08eb400885c155	e545b02495ab6278d9ca844cb25e629689ffc107e3f4631ed381e35d289ef5ac	0	no
EO	harness/e18-build/s18-criterion-principals.sql	kernel/lineage/s18-criterion-principals.sql	e34759885879a4bcb7878bef6d08eb400885c155	a702861e3afa4cbbadc260318bf02618edefb2f5d15e3557e19944e57680cfcd	0	no
EO	harness/e17-build/s17_stamp_fixture.py	kernel/fixtures/s17_stamp_fixture.py	e34759885879a4bcb7878bef6d08eb400885c155	f3065a14ecdd5f88ce701ccf9b538d39757ef6c5c017d11437e365157126e109	1	yes
EO	harness/e17-build/s17_independence_fixture.py	kernel/fixtures/s17_independence_fixture.py	e34759885879a4bcb7878bef6d08eb400885c155	90b881df4181cfd25b395ec529ba07ac7d1659dad635cbc70db55fc53a605e67	1	yes
EO	harness/e15-build/readiness_vs_close_fixture.py	kernel/fixtures/readiness_vs_close_fixture.py	e34759885879a4bcb7878bef6d08eb400885c155	484bc22f9348eed9e41a4f0ebe96a115352fa0740a436fc83695674f33a86264	0	no
EO	harness/e16-build/FINDINGS-RATIFICATION-PACKAGE.md	judgment/e-series/e16-FINDINGS-RATIFICATION-PACKAGE.md	e34759885879a4bcb7878bef6d08eb400885c155	221411b147f2c83d069db410f08cc2dd8a913c51d0a09a1464e027454fae38d5	0	no
EO	harness/e17-build/FINDINGS-RATIFICATION-PACKAGE.md	judgment/e-series/e17-FINDINGS-RATIFICATION-PACKAGE.md	e34759885879a4bcb7878bef6d08eb400885c155	c3b76d642a3e89576bf06d9f622b866476b0313a80b96f988788b78899ca237c	0	no
EO	consults/engine-design-SEED.md	judgment/engine/engine-design-SEED.md	e34759885879a4bcb7878bef6d08eb400885c155	8f4be4f1cf2e07c5ab6548b5451b43a12e04ce575e1f1cde7e4f817f0bb21490	0	no
EO	consults/engine-frontier-semantics-SEED.md	judgment/engine/engine-frontier-semantics-SEED.md	e34759885879a4bcb7878bef6d08eb400885c155	daeec72bd3070f045749d96196b7b6d14c8b579f249bfe33fa213f979ed033d5	0	no
EO	consults/engine-frontier-semantics-SEED-review.md	judgment/engine/engine-frontier-semantics-SEED-review.md	e34759885879a4bcb7878bef6d08eb400885c155	2c18cde881403469caad3942adf536bd8fa0704b692b31b4bcb6208f098e01e8	0	no
EO	consults/engine-assurance-arguments-SEED.md	judgment/engine/engine-assurance-arguments-SEED.md	e34759885879a4bcb7878bef6d08eb400885c155	545cce9394e6a58b5d6c4a89c048a8251a877400e66aeb2499bf56e3c608198a	0	no
EO	consults/engine-obligations-epochs-SEED.md	judgment/engine/engine-obligations-epochs-SEED.md	e34759885879a4bcb7878bef6d08eb400885c155	d5f33fd4aaab1d56f75a1bd8cc939fd1103b72013b7e2bc113b2ac6c9d014702	0	no
EO	consults/engine-increment-0-unification.md	judgment/engine/engine-increment-0-unification.md	e34759885879a4bcb7878bef6d08eb400885c155	171d3c4f9dd1724c451256723fe70b3804596e57ef8650fd1a14205cd9081963	0	no
EO	consults/engine-panel/DECISION-BRIEF-deny-surface.md	judgment/engine/engine-panel/DECISION-BRIEF-deny-surface.md	e34759885879a4bcb7878bef6d08eb400885c155	56703a3183e9f295c620507f1d75f7792699b57dbd0e01b8edbc2aea0d11b6d9	0	no
EO	consults/engine-panel/critic-completeness.md	judgment/engine/engine-panel/critic-completeness.md	e34759885879a4bcb7878bef6d08eb400885c155	274f14e02bd6f710e5d4c8a5bdfe5acab6cd7ddda0ec276a255c17db0b93dc82	0	no
EO	consults/engine-panel/design-adversarial.md	judgment/engine/engine-panel/design-adversarial.md	e34759885879a4bcb7878bef6d08eb400885c155	623878f6fbf082b5551a471ceed585c3436300063617c658d609118519aa24b7	0	no
EO	consults/engine-panel/design-architecture.md	judgment/engine/engine-panel/design-architecture.md	e34759885879a4bcb7878bef6d08eb400885c155	04df8e71846fd1a6a233a8634b130be45c58c2d85b6fcde442b5ff140647f3b1	0	no
EO	consults/engine-panel/design-evaluation.md	judgment/engine/engine-panel/design-evaluation.md	e34759885879a4bcb7878bef6d08eb400885c155	7a8690f6b8c11e551a2e5b4f59f92e62bd80e0ed9eb1cf880327ad44f31e5799	0	no
EO	consults/engine-panel/design-semantics.md	judgment/engine/engine-panel/design-semantics.md	e34759885879a4bcb7878bef6d08eb400885c155	27e77dde81c58ab38880c5dd81a789f39abbe06f042a0f0e6829f2154e2a71ce	0	no
EO	consults/engine-panel/refute-adversarial.md	judgment/engine/engine-panel/refute-adversarial.md	e34759885879a4bcb7878bef6d08eb400885c155	e0eeb85f6d2bb1fa5767448ba578ca3d03940943bc118c740f5e69666a828f00	0	no
EO	consults/engine-panel/refute-architecture.md	judgment/engine/engine-panel/refute-architecture.md	e34759885879a4bcb7878bef6d08eb400885c155	207c82b2233477eb63168d9e6983d86c4bc915ff8d5bb6650f6d8e0dec3a81db	0	no
EO	consults/engine-panel/refute-evaluation.md	judgment/engine/engine-panel/refute-evaluation.md	e34759885879a4bcb7878bef6d08eb400885c155	7d82ab1c5c9807e977b030affad2c698b8c56783dea0afbd41d36e7900454bb5	0	no
EO	consults/engine-panel/refute-semantics.md	judgment/engine/engine-panel/refute-semantics.md	e34759885879a4bcb7878bef6d08eb400885c155	9b98f8ac4bd145ed66c7855c1e6deac26264e142caaed668fbfde9cd5f588a4b	0	no
EO	consults/e15-analysis-consult-27.md	judgment/e-series/e15-analysis-consult-27.md	e34759885879a4bcb7878bef6d08eb400885c155	58357a0f053318e3cf942509f26ba542bc51b0c9a339b104b891fbd94cc6cfa9	0	no
EO	consults/e15-analysis-consult-27-FRAME.md	judgment/e-series/e15-analysis-consult-27-FRAME.md	e34759885879a4bcb7878bef6d08eb400885c155	d955e79c2b6472168bb9a301218e3ded5e16ed2ceb039999181a925450a1a50d	0	no
EO	consults/e16-analysis-consult-31.md	judgment/e-series/e16-analysis-consult-31.md	e34759885879a4bcb7878bef6d08eb400885c155	387916335ed9186dd7391976ae96eea4a55eafafe4cc568008a0dddd79898c59	0	no
EO	consults/e17-analysis-consult-35.md	judgment/e-series/e17-analysis-consult-35.md	e34759885879a4bcb7878bef6d08eb400885c155	4b4a2b78afe9bc67802cee05e63b8c4fb30592913d586a7cd0f22a8668de8c07	0	no
EO	consults/e18-analysis-consult-39.md	judgment/e-series/e18-analysis-consult-39.md	e34759885879a4bcb7878bef6d08eb400885c155	bda381d713aa45cdf36b6b96ed7434cd5722e1c5b3b083e2e6c5c4f7d4ca91de	0	no
EO	consults/e19-design-SEED.md	judgment/e-series/e19-design-SEED.md	e34759885879a4bcb7878bef6d08eb400885c155	f2ef82b307e0962676fe3399d6438062732996e9f772d0cbbc58294f4ef38b8e	0	no
EO	consults/e15-FINDINGS-ratification-package.md	judgment/e-series/e15-FINDINGS-ratification-package.md	e34759885879a4bcb7878bef6d08eb400885c155	45f3568a5d0276e92e000218453c37063dfda0bec609453b0864ecb75cda490c	0	no
EO	deliberations/clause-defeat-decompose-then-overrule.md	judgment/rulings/clause-defeat-decompose-then-overrule.md	e34759885879a4bcb7878bef6d08eb400885c155	f544ae3dd3a977963ccd442e3001367fb9aa566d74658f852b4a615236615439	0	no
